Y,Z,ID,V
1,4,1,1
1,4,2,1
1,4,3,1
1,4,4,1
1,4,5,1
1,4,6,1
1,1,7,1
1,1,8,1
1,1,9,1
1,4,10,1
1,4,11,1
1,2,12,1
1,1,13,1
1,4,14,1
1,4,15,1
1,1,16,1
1,2,17,1
1,4,18,1
1,4,19,1
1,4,20,1
1,1,21,1
1,4,22,1
1,1,23,1
1,4,24,1
1,1,25,1
1,3,26,1
1,1,27,1
1,1,28,1
1,4,29,1
1,4,30,1
1,4,31,1
1,4,32,1
1,4,33,1
1,1,34,1
1,1,35,1
1,4,36,1
1,1,37,1
1,4,38,1
1,4,39,1
1,4,40,1
1,1,41,1
1,1,42,1
1,4,43,1
1,4,44,1
1,4,45,1
1,2,46,1
1,4,47,1
1,4,48,1
1,1,49,1
1,3,50,1
0,3,51,0
0,1,52,0
0,4,53,0
0,3,54,0
0,4,55,0
0,4,56,0
0,3,57,0
0,4,58,0
0,4,59,0
0,3,60,0
0,3,61,0
0,4,62,0
0,1,63,0
0,1,64,0
0,3,65,0
0,4,66,0
0,2,67,0
0,2,68,0
0,2,69,0
0,4,70,0
0,1,71,0
0,4,72,1
0,1,73,0
0,4,74,0
0,3,75,0
0,1,76,0
0,1,77,0
0,1,78,0
0,4,79,0
0,2,80,0
0,2,81,0
0,1,82,0
0,3,83,0
0,4,84,0
0,3,85,0
0,4,86,0
0,1,87,0
0,1,88,0
0,1,89,0
0,3,90,0
0,3,91,0
0,1,92,0
0,3,93,0
0,3,94,0
0,1,95,0
0,4,96,0
0,1,97,0
0,3,98,0
0,3,99,0
0,1,100,0
0,2,101,0
0,2,102,0
0,2,103,0
0,1,104,0
0,3,105,0
0,3,106,0
0,3,107,0
0,2,108,0
0,1,109,0
0,1,110,0
0,2,111,0
0,1,112,0
0,2,113,0
0,2,114,0
0,1,115,0
0,1,116,0
0,2,117,0
0,4,118,0
0,4,119,0
0,2,120,0
0,4,121,0
0,1,122,0
0,4,123,0
0,3,124,0
0,1,125,0
0,3,126,0
0,3,127,0
0,2,128,0
0,4,129,0
0,3,130,0
0,4,131,0
0,1,132,0
0,4,133,0
0,2,134,0
0,3,135,0
0,2,136,0
0,1,137,0
0,3,138,0
0,1,139,0
0,1,140,0
0,2,141,0
0,3,142,0
0,4,143,0
0,3,144,0
0,1,145,0
0,1,146,0
0,3,147,0
0,2,148,0
0,3,149,0
0,4,150,0
0,2,151,0
0,2,152,0
0,1,153,0
0,4,154,0
0,1,155,0
0,2,156,0
0,1,157,0
0,2,158,0
0,1,159,0
0,4,160,0
0,2,161,0
0,2,162,0
0,3,163,0
0,4,164,0
0,4,165,0
0,2,166,0
0,4,167,0
0,2,168,0
0,1,169,0
0,2,170,0
0,2,171,0
0,3,172,0
0,1,173,0
0,4,174,0
0,2,175,0
0,2,176,0
0,2,177,0
0,3,178,0
0,3,179,0
0,1,180,0
0,1,181,0
0,4,182,0
0,4,183,0
0,1,184,0
0,1,185,0
0,1,186,0
0,3,187,0
0,4,188,0
0,3,189,0
0,1,190,0
0,1,191,0
0,4,192,0
0,1,193,0
0,2,194,0
0,3,195,0
0,4,196,0
0,4,197,0
0,4,198,0
0,4,199,0
0,3,200,0
0,2,201,0
0,3,202,0
0,4,203,0
0,3,204,0
0,3,205,0
0,3,206,0
0,1,207,0
0,3,208,0
0,3,209,0
0,4,210,0
0,2,211,0
0,1,212,0
0,3,213,0
0,2,214,0
0,2,215,0
0,2,216,0
0,1,217,0
0,4,218,0
0,2,219,0
0,4,220,0
0,3,221,0
0,2,222,0
0,2,223,0
0,3,224,0
0,1,225,0
0,2,226,0
0,2,227,0
0,4,228,0
0,1,229,0
0,3,230,0
0,2,231,0
0,3,232,0
0,1,233,0
0,1,234,0
0,4,235,0
0,4,236,0
0,3,237,0
0,1,238,0
0,2,239,0
0,1,240,0
0,2,241,0
0,4,242,0
0,4,243,0
0,3,244,0
0,4,245,0
0,4,246,0
0,4,247,0
0,3,248,0
0,2,249,0
0,4,250,0
0,2,251,0
0,1,252,0
0,1,253,0
0,3,254,0
0,4,255,0
0,3,256,0
0,2,257,0
0,2,258,0
0,3,259,0
0,2,260,0
0,4,261,0
0,4,262,0
0,1,263,0
0,3,264,0
0,4,265,0
0,4,266,0
0,3,267,0
0,2,268,0
0,3,269,0
0,3,270,0
0,3,271,0
0,1,272,0
0,2,273,0
0,3,274,0
0,1,275,0
0,1,276,0
0,3,277,0
0,2,278,0
0,3,279,0
0,4,280,0
0,2,281,0
0,1,282,0
0,1,283,0
0,3,284,0
0,2,285,0
0,1,286,0
0,3,287,0
0,1,288,0
0,4,289,0
0,1,290,0
0,4,291,0
0,3,292,0
0,4,293,0
0,4,294,0
0,4,295,0
0,1,296,0
0,1,297,0
0,3,298,0
0,2,299,0
0,2,300,0
0,3,301,0
0,1,302,0
0,4,303,0
0,3,304,0
0,3,305,0
0,2,306,0
0,2,307,0
0,1,308,0
0,1,309,0
0,1,310,0
0,2,311,0
0,2,312,0
0,2,313,0
0,3,314,0
0,1,315,0
0,2,316,0
0,2,317,0
0,2,318,0
0,2,319,0
0,1,320,0
0,2,321,0
0,1,322,0
0,3,323,0
0,3,324,0
0,1,325,0
0,1,326,0
0,3,327,0
0,4,328,0
0,3,329,0
0,1,330,0
0,4,331,0
0,4,332,0
0,3,333,0
0,4,334,0
0,2,335,0
0,1,336,0
0,3,337,0
0,1,338,0
0,3,339,0
0,2,340,0
0,4,341,0
0,3,342,0
0,2,343,0
0,4,344,0
0,2,345,0
0,2,346,0
0,2,347,0
0,4,348,0
0,4,349,0
0,2,350,0
0,2,351,0
0,3,352,0
0,3,353,0
0,2,354,0
0,2,355,0
0,2,356,0
0,1,357,0
0,1,358,0
0,3,359,0
0,3,360,0
0,2,361,0
0,4,362,0
0,4,363,0
0,2,364,0
0,4,365,0
0,1,366,0
0,3,367,0
0,2,368,0
0,3,369,0
0,4,370,0
0,2,371,0
0,1,372,0
0,3,373,0
0,4,374,0
0,4,375,0
0,4,376,0
0,3,377,0
0,3,378,0
0,3,379,0
0,3,380,0
0,2,381,0
0,3,382,0
0,1,383,0
0,4,384,0
0,2,385,0
0,4,386,0
0,4,387,0
0,2,388,0
0,1,389,0
0,3,390,0
0,1,391,0
0,1,392,0
0,2,393,0
0,2,394,0
0,1,395,0
0,2,396,0
0,3,397,0
0,1,398,0
0,2,399,0
0,2,400,0
0,1,401,0
0,1,402,0
0,1,403,0
0,1,404,0
0,1,405,0
0,1,406,0
0,3,407,0
0,1,408,0
0,4,409,0
0,4,410,0
0,3,411,0
0,3,412,0
0,2,413,0
0,2,414,0
0,4,415,0
0,4,416,1
0,2,417,0
0,4,418,0
0,3,419,0
0,1,420,0
0,1,421,0
0,3,422,0
0,1,423,0
0,4,424,0
0,1,425,0
0,4,426,0
0,1,427,0
0,1,428,0
0,1,429,0
0,3,430,0
0,2,431,0
0,2,432,0
0,4,433,0
0,2,434,0
0,1,435,0
0,2,436,0
0,1,437,0
0,1,438,0
0,2,439,0
0,3,440,0
0,1,441,0
0,3,442,0
0,2,443,0
0,1,444,0
0,3,445,0
0,4,446,0
0,4,447,0
0,2,448,0
0,2,449,0
0,4,450,0
0,2,451,0
0,4,452,0
0,2,453,0
0,4,454,0
0,1,455,0
0,4,456,0
0,2,457,0
0,3,458,0
0,3,459,0
0,4,460,0
0,2,461,0
0,1,462,0
0,2,463,0
0,4,464,0
0,4,465,0
0,1,466,0
0,4,467,0
0,3,468,0
0,3,469,0
0,4,470,0
0,3,471,0
0,1,472,0
0,4,473,0
0,1,474,0
0,4,475,0
0,2,476,0
0,4,477,0
0,2,478,0
0,3,479,0
0,2,480,0
0,2,481,0
0,2,482,0
0,4,483,0
0,4,484,0
0,4,485,0
0,1,486,0
0,1,487,0
0,3,488,0
0,2,489,0
0,3,490,0
0,4,491,0
0,1,492,0
0,3,493,0
0,1,494,0
0,4,495,0
0,2,496,0
0,4,497,0
0,3,498,0
0,1,499,0
0,2,500,0
0,2,501,0
0,1,502,0
0,1,503,0
0,4,504,0
0,2,505,0
0,4,506,0
0,2,507,0
0,4,508,0
0,3,509,0
0,1,510,0
0,3,511,0
0,3,512,0
0,4,513,0
0,3,514,0
0,3,515,0
0,3,516,0
0,1,517,0
0,1,518,0
0,2,519,0
0,4,520,0
0,3,521,0
0,1,522,0
0,2,523,0
0,4,524,0
0,2,525,0
0,3,526,0
0,1,527,0
0,2,528,0
0,4,529,0
0,2,530,0
0,4,531,0
0,2,532,0
0,4,533,0
0,1,534,0
0,4,535,0
0,1,536,0
0,4,537,0
0,1,538,0
0,3,539,0
0,4,540,0
0,2,541,0
0,2,542,0
0,3,543,0
0,4,544,0
0,4,545,0
0,3,546,0
0,2,547,0
0,1,548,0
0,2,549,0
0,2,550,0
0,2,551,0
0,4,552,0
0,2,553,0
0,2,554,0
0,1,555,0
0,1,556,0
0,3,557,0
0,1,558,0
0,3,559,0
0,2,560,0
0,4,561,0
0,2,562,0
0,2,563,0
0,3,564,0
0,1,565,0
0,2,566,0
0,4,567,0
0,2,568,0
0,3,569,0
0,1,570,0
0,2,571,0
0,1,572,0
0,2,573,0
0,1,574,0
0,2,575,0
0,1,576,0
0,3,577,0
0,4,578,0
0,2,579,0
0,3,580,0
0,3,581,0
0,4,582,0
0,2,583,0
0,3,584,0
0,3,585,0
0,3,586,0
0,2,587,0
0,2,588,0
0,3,589,0
0,4,590,0
0,3,591,0
0,2,592,0
0,1,593,0
0,2,594,0
0,2,595,0
0,1,596,0
0,3,597,0
0,4,598,0
0,2,599,0
0,3,600,0
0,1,601,0
0,4,602,0
0,3,603,0
0,1,604,0
0,3,605,0
0,3,606,0
0,4,607,0
0,3,608,0
0,3,609,0
0,4,610,0
0,1,611,0
0,1,612,0
0,2,613,0
0,1,614,0
0,1,615,0
0,1,616,0
0,1,617,0
0,4,618,0
0,2,619,0
0,3,620,0
0,2,621,0
0,1,622,0
0,3,623,0
0,4,624,0
0,4,625,0
0,2,626,0
0,3,627,0
0,3,628,0
0,1,629,0
0,3,630,0
0,4,631,0
0,4,632,0
0,1,633,0
0,3,634,0
0,4,635,0
0,3,636,0
0,1,637,0
0,3,638,0
0,3,639,0
0,3,640,0
0,1,641,0
0,1,642,0
0,2,643,0
0,2,644,0
0,2,645,0
0,3,646,0
0,2,647,0
0,2,648,0
0,2,649,0
0,4,650,0
0,3,651,0
0,1,652,0
0,1,653,0
0,1,654,0
0,2,655,0
0,4,656,0
0,1,657,0
0,3,658,0
0,2,659,0
0,3,660,0
0,2,661,0
0,4,662,0
0,3,663,0
0,1,664,0
0,2,665,0
0,3,666,0
0,3,667,0
0,3,668,0
0,3,669,0
0,4,670,0
0,3,671,0
0,1,672,0
0,3,673,0
0,4,674,1
0,3,675,0
0,3,676,0
0,1,677,0
0,4,678,0
0,3,679,0
0,4,680,0
0,1,681,0
0,1,682,0
0,1,683,0
0,2,684,0
0,2,685,0
0,2,686,0
0,2,687,0
0,1,688,0
0,1,689,0
0,4,690,0
0,2,691,0
0,1,692,0
0,4,693,0
0,1,694,0
0,4,695,0
0,4,696,0
0,4,697,1
0,4,698,0
0,1,699,0
0,3,700,0
0,4,701,0
0,3,702,0
0,2,703,0
0,2,704,0
0,3,705,0
0,1,706,0
0,4,707,0
0,4,708,0
0,1,709,0
0,1,710,0
0,4,711,0
0,4,712,0
0,3,713,0
0,2,714,0
0,1,715,0
0,2,716,0
0,4,717,0
0,4,718,0
0,4,719,0
0,3,720,0
0,3,721,0
0,4,722,0
0,3,723,0
0,3,724,0
0,2,725,0
0,4,726,0
0,2,727,0
0,1,728,0
0,1,729,0
0,2,730,0
0,4,731,0
0,2,732,0
0,3,733,0
0,4,734,0
0,4,735,0
0,2,736,0
0,2,737,0
0,1,738,0
0,2,739,0
0,1,740,0
0,4,741,0
0,3,742,0
0,4,743,0
0,3,744,0
0,1,745,0
0,2,746,0
0,1,747,0
0,4,748,0
0,1,749,0
0,1,750,0
0,4,751,0
0,2,752,0
0,1,753,0
0,1,754,0
0,2,755,0
0,2,756,0
0,3,757,0
0,3,758,0
0,4,759,0
0,3,760,0
0,2,761,0
0,1,762,0
0,4,763,0
0,1,764,1
0,1,765,0
0,1,766,0
0,2,767,0
0,3,768,0
0,2,769,0
0,2,770,0
0,4,771,0
0,2,772,0
0,1,773,0
0,3,774,0
0,3,775,0
0,2,776,0
0,3,777,0
0,4,778,0
0,2,779,0
0,1,780,0
0,2,781,0
0,4,782,0
0,2,783,0
0,3,784,0
0,3,785,0
0,4,786,0
0,2,787,0
0,1,788,0
0,1,789,0
0,1,790,0
0,4,791,0
0,2,792,0
0,1,793,0
0,4,794,0
0,4,795,0
0,3,796,0
0,3,797,0
0,2,798,0
0,2,799,0
0,1,800,0
0,3,801,0
0,4,802,0
0,1,803,0
0,4,804,0
0,3,805,0
0,4,806,0
0,4,807,0
0,2,808,0
0,4,809,0
0,3,810,0
0,1,811,0
0,2,812,0
0,1,813,0
0,3,814,0
0,4,815,0
0,3,816,0
0,2,817,0
0,1,818,0
0,2,819,0
0,3,820,0
0,4,821,0
0,4,822,0
0,1,823,1
0,1,824,0
0,4,825,0
0,3,826,0
0,2,827,0
0,2,828,0
0,1,829,0
0,1,830,0
0,1,831,0
0,3,832,0
0,4,833,0
0,2,834,0
0,3,835,0
0,4,836,1
0,1,837,0
0,2,838,0
0,3,839,0
0,2,840,0
0,3,841,0
0,1,842,0
0,1,843,0
0,2,844,0
0,2,845,0
0,3,846,0
0,1,847,0
0,3,848,0
0,1,849,0
0,2,850,0
0,3,851,0
0,4,852,0
0,4,853,0
0,3,854,0
0,4,855,0
0,3,856,0
0,2,857,0
0,4,858,0
0,1,859,0
0,2,860,0
0,4,861,0
0,1,862,0
0,4,863,0
0,2,864,0
0,3,865,0
0,4,866,0
0,3,867,0
0,1,868,0
0,1,869,0
0,4,870,0
0,3,871,0
0,3,872,0
0,2,873,0
0,3,874,0
0,1,875,0
0,4,876,0
0,3,877,0
0,3,878,0
0,1,879,0
0,2,880,0
0,3,881,0
0,4,882,1
0,1,883,0
0,3,884,0
0,2,885,0
0,4,886,0
0,2,887,0
0,1,888,0
0,2,889,0
0,4,890,0
0,1,891,1
0,2,892,0
0,3,893,0
0,2,894,0
0,3,895,0
0,2,896,0
0,2,897,0
0,4,898,0
0,1,899,0
0,3,900,0
0,2,901,0
0,3,902,0
0,2,903,0
0,3,904,0
0,1,905,0
0,1,906,0
0,1,907,0
0,1,908,0
0,4,909,0
0,2,910,0
0,3,911,0
0,3,912,0
0,4,913,0
0,2,914,0
0,4,915,0
0,1,916,0
0,4,917,0
0,4,918,0
0,2,919,0
0,1,920,0
0,2,921,0
0,3,922,0
0,1,923,0
0,3,924,0
0,4,925,0
0,2,926,0
0,2,927,0
0,3,928,0
0,2,929,0
0,4,930,0
0,3,931,0
0,3,932,0
0,1,933,0
0,4,934,0
0,2,935,0
0,3,936,0
0,2,937,0
0,3,938,0
0,4,939,0
0,4,940,0
0,3,941,0
0,1,942,0
0,3,943,0
0,3,944,0
0,2,945,0
0,2,946,0
0,4,947,0
0,2,948,0
0,4,949,0
0,1,950,0
0,3,951,0
0,3,952,0
0,4,953,0
0,4,954,0
0,1,955,0
0,3,956,0
0,1,957,0
0,2,958,0
0,3,959,0
0,3,960,0
0,1,961,0
0,4,962,1
0,2,963,0
0,2,964,0
0,4,965,0
0,1,966,0
0,3,967,0
0,1,968,0
0,3,969,0
0,2,970,0
0,3,971,0
0,4,972,0
0,4,973,0
0,2,974,0
0,1,975,0
0,3,976,0
0,1,977,0
0,1,978,1
0,1,979,0
0,4,980,0
0,1,981,0
0,3,982,0
0,2,983,0
0,3,984,0
0,1,985,0
0,3,986,0
0,2,987,0
0,1,988,0
0,1,989,0
0,1,990,0
0,2,991,0
0,2,992,0
0,3,993,0
0,1,994,0
0,1,995,0
0,2,996,0
0,4,997,0
0,1,998,0
0,4,999,0
0,3,1000,0
0,2,1001,0
0,3,1002,0
0,3,1003,0
0,4,1004,0
0,2,1005,0
0,2,1006,0
0,4,1007,0
0,3,1008,0
0,1,1009,0
0,2,1010,0
0,1,1011,0
0,2,1012,0
0,2,1013,0
0,2,1014,0
0,3,1015,0
0,2,1016,0
0,1,1017,0
0,3,1018,0
0,2,1019,0
0,2,1020,0
0,2,1021,0
0,3,1022,0
0,4,1023,0
0,1,1024,0
0,3,1025,0
0,3,1026,0
0,3,1027,0
0,3,1028,0
0,1,1029,0
0,1,1030,0
0,3,1031,0
0,2,1032,0
0,3,1033,0
0,4,1034,0
0,1,1035,0
0,2,1036,0
0,3,1037,0
0,2,1038,0
0,2,1039,0
0,3,1040,0
0,2,1041,0
0,3,1042,0
0,2,1043,0
0,2,1044,0
0,1,1045,0
0,3,1046,0
0,2,1047,0
0,2,1048,0
0,4,1049,0
0,4,1050,0
0,4,1051,0
0,4,1052,1
0,2,1053,0
0,1,1054,0
0,1,1055,0
0,2,1056,0
0,2,1057,0
0,1,1058,0
0,1,1059,0
0,3,1060,0
0,4,1061,0
0,2,1062,0
0,3,1063,0
0,3,1064,0
0,2,1065,0
0,4,1066,0
0,3,1067,0
0,3,1068,0
0,4,1069,0
0,4,1070,0
0,4,1071,0
0,3,1072,0
0,1,1073,0
0,1,1074,0
0,2,1075,0
0,3,1076,0
0,1,1077,0
0,3,1078,0
0,3,1079,0
0,2,1080,0
0,4,1081,0
0,3,1082,0
0,1,1083,0
0,1,1084,0
0,2,1085,0
0,2,1086,0
0,4,1087,0
0,3,1088,0
0,4,1089,0
0,3,1090,0
0,1,1091,0
0,4,1092,0
0,4,1093,0
0,2,1094,0
0,1,1095,0
0,4,1096,0
0,3,1097,0
0,4,1098,0
0,1,1099,0
0,1,1100,0
0,2,1101,0
0,4,1102,0
0,2,1103,0
0,3,1104,0
0,3,1105,0
0,4,1106,0
0,3,1107,0
0,4,1108,0
0,1,1109,0
0,3,1110,0
0,1,1111,0
0,2,1112,0
0,3,1113,0
0,4,1114,0
0,1,1115,0
0,1,1116,0
0,3,1117,0
0,2,1118,0
0,1,1119,0
0,3,1120,0
0,1,1121,0
0,4,1122,0
0,4,1123,0
0,2,1124,0
0,4,1125,0
0,3,1126,0
0,4,1127,0
0,1,1128,0
0,3,1129,0
0,1,1130,0
0,1,1131,0
0,4,1132,0
0,3,1133,0
0,1,1134,0
0,3,1135,0
0,4,1136,0
0,2,1137,0
0,2,1138,0
0,4,1139,0
0,3,1140,0
0,2,1141,0
0,3,1142,0
0,4,1143,0
0,1,1144,1
0,4,1145,0
0,3,1146,0
0,1,1147,0
0,4,1148,0
0,4,1149,0
0,4,1150,0
0,4,1151,0
0,4,1152,0
0,3,1153,0
0,1,1154,0
0,3,1155,0
0,2,1156,0
0,3,1157,0
0,1,1158,0
0,2,1159,0
0,3,1160,0
0,2,1161,0
0,2,1162,0
0,4,1163,0
0,2,1164,0
0,2,1165,0
0,4,1166,0
0,1,1167,0
0,2,1168,0
0,1,1169,0
0,3,1170,0
0,2,1171,0
0,3,1172,0
0,4,1173,0
0,4,1174,0
0,3,1175,0
0,3,1176,0
0,1,1177,0
0,1,1178,0
0,2,1179,0
0,3,1180,0
0,2,1181,0
0,4,1182,0
0,4,1183,0
0,1,1184,0
0,3,1185,0
0,4,1186,0
0,1,1187,0
0,4,1188,0
0,1,1189,0
0,4,1190,0
0,2,1191,0
0,4,1192,0
0,3,1193,0
0,4,1194,0
0,4,1195,0
0,4,1196,0
0,2,1197,0
0,1,1198,0
0,3,1199,0
0,4,1200,0
0,2,1201,0
0,1,1202,0
0,2,1203,0
0,2,1204,0
0,1,1205,0
0,1,1206,0
0,1,1207,0
0,4,1208,0
0,2,1209,0
0,1,1210,0
0,2,1211,0
0,3,1212,0
0,2,1213,0
0,3,1214,0
0,3,1215,0
0,2,1216,0
0,4,1217,0
0,1,1218,0
0,3,1219,0
0,1,1220,0
0,4,1221,0
0,1,1222,0
0,2,1223,0
0,1,1224,0
0,4,1225,0
0,2,1226,0
0,1,1227,0
0,4,1228,0
0,3,1229,0
0,2,1230,0
0,3,1231,0
0,3,1232,0
0,4,1233,0
0,2,1234,0
0,1,1235,0
0,3,1236,0
0,1,1237,0
0,2,1238,0
0,2,1239,0
0,2,1240,0
0,4,1241,0
0,2,1242,0
0,1,1243,0
0,1,1244,0
0,3,1245,0
0,4,1246,0
0,3,1247,0
0,4,1248,0
0,1,1249,0
0,2,1250,0
0,1,1251,0
0,2,1252,0
0,2,1253,0
0,4,1254,0
0,2,1255,0
0,3,1256,0
0,4,1257,0
0,4,1258,0
0,4,1259,0
0,1,1260,0
0,4,1261,0
0,1,1262,0
0,4,1263,0
0,2,1264,0
0,1,1265,0
0,4,1266,0
0,2,1267,0
0,1,1268,0
0,2,1269,0
0,4,1270,0
0,4,1271,0
0,2,1272,0
0,2,1273,0
0,2,1274,0
0,1,1275,0
0,4,1276,0
0,4,1277,0
0,2,1278,0
0,3,1279,0
0,4,1280,0
0,2,1281,0
0,4,1282,0
0,1,1283,0
0,4,1284,0
0,1,1285,0
0,3,1286,0
0,2,1287,0
0,4,1288,0
0,3,1289,0
0,3,1290,0
0,3,1291,0
0,1,1292,0
0,2,1293,0
0,4,1294,0
0,4,1295,0
0,1,1296,0
0,1,1297,0
0,2,1298,0
0,3,1299,0
0,2,1300,0
0,1,1301,0
0,1,1302,0
0,4,1303,0
0,4,1304,0
0,3,1305,0
0,3,1306,0
0,1,1307,0
0,4,1308,0
0,4,1309,0
0,1,1310,0
0,2,1311,0
0,4,1312,0
0,4,1313,0
0,3,1314,0
0,2,1315,0
0,1,1316,0
0,2,1317,0
0,3,1318,0
0,1,1319,0
0,2,1320,0
0,1,1321,0
0,2,1322,0
0,4,1323,0
0,2,1324,0
0,2,1325,0
0,4,1326,0
0,3,1327,0
0,4,1328,0
0,2,1329,0
0,3,1330,0
0,4,1331,0
0,4,1332,1
0,2,1333,0
0,2,1334,0
0,1,1335,0
0,3,1336,0
0,3,1337,0
0,3,1338,0
0,2,1339,0
0,2,1340,0
0,2,1341,0
0,2,1342,0
0,4,1343,0
0,3,1344,0
0,3,1345,0
0,1,1346,0
0,1,1347,0
0,3,1348,0
0,4,1349,0
0,4,1350,0
0,2,1351,0
0,3,1352,0
0,1,1353,0
0,2,1354,0
0,1,1355,0
0,2,1356,0
0,2,1357,0
0,4,1358,0
0,1,1359,0
0,3,1360,0
0,4,1361,0
0,4,1362,0
0,4,1363,0
0,4,1364,0
0,2,1365,0
0,1,1366,1
0,1,1367,0
0,1,1368,0
0,1,1369,0
0,2,1370,0
0,1,1371,0
0,3,1372,0
0,1,1373,0
0,3,1374,0
0,3,1375,0
0,4,1376,0
0,2,1377,0
0,2,1378,0
0,4,1379,0
0,2,1380,0
0,1,1381,0
0,1,1382,0
0,4,1383,0
0,3,1384,0
0,2,1385,0
0,4,1386,0
0,1,1387,0
0,4,1388,0
0,2,1389,0
0,4,1390,0
0,2,1391,0
0,4,1392,0
0,1,1393,0
0,1,1394,0
0,1,1395,0
0,2,1396,0
0,1,1397,0
0,2,1398,0
0,3,1399,0
0,4,1400,0
0,2,1401,0
0,4,1402,0
0,1,1403,0
0,2,1404,0
0,2,1405,0
0,2,1406,0
0,4,1407,0
0,2,1408,0
0,4,1409,0
0,3,1410,0
0,1,1411,0
0,1,1412,0
0,2,1413,0
0,1,1414,0
0,2,1415,0
0,1,1416,0
0,4,1417,0
0,2,1418,0
0,2,1419,0
0,4,1420,0
0,1,1421,0
0,1,1422,0
0,2,1423,0
0,3,1424,0
0,1,1425,0
0,1,1426,0
0,4,1427,0
0,2,1428,0
0,4,1429,0
0,3,1430,0
0,1,1431,0
0,2,1432,0
0,4,1433,0
0,4,1434,0
0,2,1435,0
0,2,1436,0
0,1,1437,0
0,4,1438,0
0,2,1439,0
0,2,1440,0
0,1,1441,0
0,2,1442,0
0,3,1443,0
0,2,1444,0
0,3,1445,0
0,4,1446,0
0,3,1447,0
0,4,1448,0
0,2,1449,0
0,4,1450,0
0,2,1451,0
0,3,1452,0
0,2,1453,0
0,1,1454,0
0,3,1455,0
0,3,1456,0
0,1,1457,0
0,4,1458,0
0,2,1459,0
0,4,1460,0
0,1,1461,0
0,3,1462,0
0,3,1463,0
0,4,1464,0
0,4,1465,0
0,1,1466,0
0,1,1467,0
0,4,1468,0
0,3,1469,0
0,2,1470,0
0,1,1471,0
0,1,1472,0
0,1,1473,0
0,3,1474,0
0,4,1475,0
0,1,1476,0
0,3,1477,0
0,2,1478,0
0,1,1479,0
0,3,1480,0
0,3,1481,0
0,2,1482,0
0,2,1483,0
0,1,1484,0
0,4,1485,0
0,4,1486,0
0,3,1487,0
0,3,1488,0
0,3,1489,0
0,1,1490,0
0,2,1491,0
0,4,1492,0
0,2,1493,0
0,2,1494,0
0,1,1495,0
0,1,1496,0
0,1,1497,0
0,2,1498,0
0,1,1499,0
0,2,1500,0
0,1,1501,0
0,3,1502,0
0,2,1503,0
0,4,1504,0
0,4,1505,0
0,2,1506,0
0,4,1507,0
0,1,1508,0
0,4,1509,0
0,2,1510,0
0,1,1511,0
0,2,1512,0
0,2,1513,0
0,3,1514,0
0,4,1515,0
0,3,1516,0
0,3,1517,0
0,2,1518,0
0,2,1519,0
0,2,1520,0
0,3,1521,0
0,1,1522,0
0,4,1523,0
0,2,1524,0
0,4,1525,0
0,2,1526,0
0,1,1527,0
0,3,1528,0
0,2,1529,0
0,2,1530,0
0,1,1531,0
0,3,1532,0
0,1,1533,0
0,4,1534,0
0,1,1535,0
0,1,1536,0
0,4,1537,0
0,3,1538,0
0,3,1539,0
0,1,1540,0
0,3,1541,0
0,1,1542,0
0,2,1543,0
0,3,1544,0
0,3,1545,0
0,3,1546,0
0,2,1547,0
0,2,1548,0
0,1,1549,0
0,1,1550,0
0,4,1551,0
0,2,1552,0
0,1,1553,0
0,1,1554,0
0,2,1555,0
0,3,1556,0
0,2,1557,0
0,2,1558,0
0,3,1559,0
0,2,1560,0
0,2,1561,0
0,1,1562,0
0,2,1563,0
0,4,1564,0
0,4,1565,0
0,2,1566,0
0,1,1567,0
0,2,1568,0
0,4,1569,0
0,1,1570,0
0,1,1571,0
0,3,1572,0
0,4,1573,0
0,2,1574,0
0,4,1575,0
0,3,1576,0
0,2,1577,0
0,4,1578,0
0,1,1579,0
0,4,1580,0
0,4,1581,0
0,3,1582,0
0,1,1583,0
0,1,1584,0
0,2,1585,0
0,4,1586,0
0,1,1587,0
0,2,1588,0
0,1,1589,0
0,3,1590,0
0,2,1591,0
0,3,1592,0
0,4,1593,0
0,4,1594,0
0,1,1595,0
0,3,1596,0
0,3,1597,0
0,4,1598,0
0,3,1599,0
0,3,1600,0
0,1,1601,0
0,3,1602,0
0,2,1603,0
0,4,1604,0
0,3,1605,0
0,3,1606,0
0,3,1607,0
0,4,1608,0
0,3,1609,0
0,4,1610,0
0,4,1611,0
0,1,1612,0
0,1,1613,0
0,4,1614,0
0,4,1615,0
0,4,1616,0
0,2,1617,0
0,4,1618,0
0,1,1619,0
0,2,1620,0
0,1,1621,0
0,3,1622,0
0,2,1623,0
0,3,1624,0
0,1,1625,0
0,3,1626,0
0,1,1627,0
0,3,1628,0
0,3,1629,0
0,2,1630,0
0,4,1631,0
0,3,1632,0
0,1,1633,0
0,4,1634,0
0,2,1635,0
0,3,1636,0
0,3,1637,0
0,4,1638,0
0,1,1639,0
0,3,1640,0
0,3,1641,0
0,1,1642,0
0,1,1643,0
0,1,1644,0
0,1,1645,0
0,1,1646,0
0,1,1647,0
0,2,1648,0
0,2,1649,0
0,3,1650,0
0,2,1651,0
0,4,1652,0
0,2,1653,0
0,4,1654,0
0,4,1655,0
0,4,1656,0
0,1,1657,0
0,4,1658,0
0,4,1659,0
0,4,1660,0
0,4,1661,0
0,2,1662,0
0,3,1663,0
0,4,1664,0
0,4,1665,0
0,3,1666,0
0,1,1667,0
0,2,1668,0
0,2,1669,0
0,2,1670,0
0,1,1671,0
0,4,1672,0
0,4,1673,0
0,3,1674,0
0,1,1675,0
0,1,1676,0
0,1,1677,0
0,3,1678,0
0,2,1679,0
0,3,1680,0
0,4,1681,0
0,3,1682,0
0,2,1683,0
0,1,1684,0
0,4,1685,0
0,1,1686,0
0,2,1687,0
0,3,1688,0
0,4,1689,0
0,1,1690,0
0,3,1691,0
0,1,1692,0
0,4,1693,0
0,2,1694,0
0,1,1695,0
0,3,1696,0
0,3,1697,0
0,4,1698,0
0,1,1699,0
0,1,1700,0
0,1,1701,0
0,4,1702,0
0,3,1703,0
0,1,1704,0
0,1,1705,0
0,1,1706,0
0,1,1707,0
0,4,1708,0
0,2,1709,0
0,2,1710,0
0,1,1711,0
0,4,1712,0
0,4,1713,0
0,1,1714,0
0,3,1715,0
0,4,1716,0
0,3,1717,0
0,1,1718,0
0,4,1719,0
0,4,1720,0
0,2,1721,0
0,3,1722,0
0,3,1723,0
0,3,1724,0
0,2,1725,0
0,4,1726,0
0,2,1727,0
0,1,1728,0
0,4,1729,0
0,2,1730,0
0,3,1731,0
0,2,1732,0
0,4,1733,0
0,2,1734,0
0,1,1735,0
0,2,1736,0
0,4,1737,0
0,4,1738,0
0,1,1739,0
0,2,1740,0
0,1,1741,0
0,4,1742,0
0,4,1743,0
0,3,1744,0
0,4,1745,0
0,4,1746,0
0,4,1747,0
0,2,1748,0
0,4,1749,0
0,1,1750,0
0,4,1751,0
0,2,1752,0
0,4,1753,0
0,1,1754,0
0,4,1755,0
0,4,1756,0
0,1,1757,0
0,1,1758,0
0,3,1759,0
0,2,1760,0
0,1,1761,0
0,4,1762,0
0,1,1763,0
0,3,1764,0
0,4,1765,0
0,1,1766,0
0,1,1767,0
0,4,1768,0
0,4,1769,0
0,4,1770,0
0,3,1771,0
0,2,1772,0
0,4,1773,0
0,2,1774,0
0,2,1775,0
0,2,1776,0
0,1,1777,0
0,3,1778,0
0,4,1779,0
0,1,1780,0
0,2,1781,0
0,4,1782,0
0,4,1783,0
0,1,1784,0
0,3,1785,0
0,3,1786,0
0,4,1787,0
0,2,1788,0
0,2,1789,0
0,2,1790,0
0,2,1791,0
0,3,1792,0
0,4,1793,0
0,4,1794,0
0,4,1795,0
0,3,1796,0
0,3,1797,0
0,2,1798,0
0,4,1799,0
0,4,1800,0
0,3,1801,0
0,2,1802,0
0,2,1803,0
0,3,1804,0
0,1,1805,0
0,1,1806,0
0,3,1807,0
0,2,1808,0
0,3,1809,0
0,2,1810,0
0,3,1811,0
0,3,1812,0
0,1,1813,0
0,4,1814,0
0,1,1815,0
0,2,1816,0
0,2,1817,0
0,1,1818,0
0,4,1819,0
0,4,1820,0
0,1,1821,0
0,2,1822,0
0,2,1823,0
0,1,1824,0
0,4,1825,0
0,4,1826,0
0,2,1827,0
0,1,1828,0
0,3,1829,0
0,1,1830,0
0,1,1831,0
0,4,1832,0
0,3,1833,0
0,2,1834,0
0,1,1835,0
0,1,1836,0
0,4,1837,0
0,4,1838,0
0,4,1839,0
0,4,1840,0
0,1,1841,0
0,3,1842,0
0,4,1843,0
0,2,1844,0
0,2,1845,0
0,3,1846,0
0,1,1847,0
0,2,1848,0
0,2,1849,0
0,2,1850,0
0,4,1851,0
0,2,1852,0
0,1,1853,0
0,2,1854,0
0,3,1855,0
0,1,1856,0
0,2,1857,0
0,3,1858,0
0,2,1859,0
0,4,1860,0
0,1,1861,0
0,4,1862,0
0,4,1863,0
0,4,1864,0
0,2,1865,0
0,1,1866,0
0,4,1867,0
0,1,1868,0
0,2,1869,0
0,3,1870,0
0,4,1871,0
0,1,1872,0
0,2,1873,0
0,4,1874,0
0,1,1875,0
0,3,1876,0
0,1,1877,0
0,2,1878,0
0,1,1879,0
0,3,1880,0
0,3,1881,0
0,4,1882,0
0,4,1883,0
0,1,1884,0
0,3,1885,0
0,4,1886,0
0,2,1887,0
0,4,1888,0
0,4,1889,0
0,2,1890,0
0,4,1891,0
0,3,1892,0
0,3,1893,0
0,3,1894,0
0,3,1895,0
0,3,1896,0
0,4,1897,0
0,3,1898,0
0,1,1899,0
0,2,1900,0
0,1,1901,0
0,2,1902,0
0,2,1903,0
0,1,1904,0
0,3,1905,0
0,1,1906,0
0,1,1907,0
0,1,1908,0
0,1,1909,0
0,2,1910,0
0,4,1911,0
0,2,1912,0
0,3,1913,0
0,2,1914,0
0,3,1915,0
0,1,1916,0
0,3,1917,0
0,2,1918,0
0,4,1919,0
0,3,1920,0
0,3,1921,0
0,3,1922,0
0,1,1923,0
0,3,1924,0
0,2,1925,0
0,1,1926,0
0,2,1927,0
0,4,1928,0
0,4,1929,0
0,1,1930,0
0,4,1931,0
0,3,1932,0
0,4,1933,0
0,1,1934,0
0,1,1935,0
0,2,1936,0
0,2,1937,0
0,3,1938,0
0,2,1939,0
0,3,1940,0
0,1,1941,0
0,4,1942,0
0,1,1943,0
0,1,1944,0
0,3,1945,0
0,3,1946,0
0,2,1947,0
0,3,1948,0
0,3,1949,0
0,3,1950,0
0,4,1951,0
0,2,1952,0
0,1,1953,0
0,4,1954,0
0,4,1955,0
0,1,1956,0
0,2,1957,0
0,2,1958,0
0,4,1959,0
0,2,1960,0
0,2,1961,0
0,4,1962,0
0,4,1963,0
0,3,1964,0
0,1,1965,0
0,2,1966,0
0,3,1967,0
0,1,1968,0
0,3,1969,0
0,4,1970,0
0,1,1971,0
0,3,1972,0
0,4,1973,0
0,1,1974,0
0,2,1975,0
0,3,1976,0
0,4,1977,0
0,3,1978,0
0,3,1979,0
0,2,1980,0
0,3,1981,0
0,4,1982,0
0,3,1983,0
0,2,1984,0
0,2,1985,0
0,2,1986,0
0,3,1987,0
0,4,1988,0
0,3,1989,0
0,2,1990,0
0,3,1991,0
0,1,1992,0
0,2,1993,0
0,4,1994,0
0,2,1995,0
0,2,1996,0
0,1,1997,0
0,2,1998,0
0,1,1999,0
0,4,2000,0
0,1,2001,0
0,4,2002,0
0,3,2003,0
0,2,2004,0
0,1,2005,0
0,4,2006,0
0,2,2007,0
0,3,2008,0
0,1,2009,0
0,1,2010,0
0,2,2011,0
0,4,2012,0
0,2,2013,0
0,1,2014,0
0,2,2015,0
0,1,2016,0
0,3,2017,0
0,1,2018,0
0,3,2019,0
0,3,2020,0
0,2,2021,0
0,4,2022,0
0,1,2023,0
0,4,2024,0
0,1,2025,0
0,2,2026,0
0,3,2027,0
0,1,2028,0
0,4,2029,0
0,2,2030,0
0,2,2031,0
0,4,2032,0
0,3,2033,0
0,3,2034,0
0,2,2035,0
0,3,2036,0
0,1,2037,0
0,1,2038,0
0,2,2039,0
0,1,2040,0
0,4,2041,1
0,4,2042,0
0,2,2043,0
0,4,2044,0
0,4,2045,0
0,3,2046,0
0,1,2047,0
0,4,2048,0
0,2,2049,0
0,2,2050,0
0,3,2051,0
0,3,2052,0
0,1,2053,0
0,3,2054,0
0,4,2055,0
0,2,2056,0
0,4,2057,0
0,2,2058,0
0,4,2059,0
0,3,2060,0
0,3,2061,0
0,4,2062,0
0,2,2063,0
0,3,2064,0
0,3,2065,0
0,4,2066,0
0,1,2067,0
0,4,2068,0
0,4,2069,0
0,3,2070,0
0,4,2071,0
0,3,2072,0
0,1,2073,0
0,3,2074,0
0,4,2075,1
0,4,2076,0
0,2,2077,0
0,2,2078,0
0,1,2079,0
0,1,2080,0
0,3,2081,0
0,4,2082,0
0,2,2083,0
0,3,2084,0
0,3,2085,0
0,3,2086,0
0,1,2087,0
0,1,2088,0
0,1,2089,0
0,4,2090,0
0,2,2091,0
0,4,2092,0
0,2,2093,0
0,3,2094,0
0,3,2095,0
0,2,2096,0
0,1,2097,0
0,1,2098,0
0,3,2099,0
0,2,2100,0
0,1,2101,0
0,2,2102,0
0,3,2103,0
0,4,2104,0
0,1,2105,0
0,4,2106,0
0,4,2107,0
0,2,2108,0
0,2,2109,1
0,3,2110,0
0,2,2111,0
0,3,2112,0
0,1,2113,0
0,4,2114,0
0,3,2115,0
0,1,2116,0
0,2,2117,0
0,3,2118,0
0,2,2119,0
0,4,2120,0
0,2,2121,0
0,2,2122,0
0,1,2123,0
0,4,2124,0
0,4,2125,0
0,1,2126,0
0,1,2127,0
0,1,2128,0
0,1,2129,0
0,2,2130,0
0,2,2131,0
0,3,2132,0
0,1,2133,0
0,3,2134,0
0,2,2135,0
0,4,2136,0
0,3,2137,0
0,2,2138,0
0,2,2139,0
0,3,2140,0
0,3,2141,0
0,4,2142,0
0,4,2143,0
0,3,2144,0
0,4,2145,0
0,2,2146,0
0,2,2147,0
0,2,2148,0
0,1,2149,0
0,3,2150,0
0,2,2151,0
0,1,2152,0
0,4,2153,0
0,4,2154,0
0,3,2155,0
0,3,2156,0
0,1,2157,0
0,2,2158,0
0,1,2159,0
0,2,2160,0
0,3,2161,0
0,1,2162,0
0,3,2163,0
0,1,2164,0
0,2,2165,0
0,3,2166,0
0,1,2167,0
0,3,2168,0
0,2,2169,0
0,3,2170,0
0,2,2171,0
0,2,2172,0
0,3,2173,0
0,2,2174,0
0,2,2175,0
0,3,2176,0
0,3,2177,0
0,4,2178,0
0,1,2179,0
0,1,2180,0
0,2,2181,0
0,4,2182,0
0,1,2183,0
0,3,2184,0
0,1,2185,0
0,1,2186,0
0,1,2187,0
0,1,2188,0
0,3,2189,0
0,4,2190,0
0,4,2191,0
0,2,2192,0
0,4,2193,0
0,2,2194,0
0,4,2195,0
0,2,2196,0
0,3,2197,0
0,2,2198,0
0,1,2199,0
0,3,2200,0
0,1,2201,0
0,2,2202,0
0,1,2203,0
0,1,2204,0
0,1,2205,0
0,2,2206,0
0,3,2207,0
0,4,2208,0
0,2,2209,0
0,4,2210,0
0,3,2211,0
0,4,2212,0
0,2,2213,0
0,4,2214,0
0,1,2215,0
0,4,2216,0
0,2,2217,0
0,1,2218,0
0,3,2219,0
0,1,2220,0
0,1,2221,0
0,2,2222,0
0,2,2223,0
0,2,2224,0
0,2,2225,0
0,4,2226,0
0,3,2227,0
0,1,2228,0
0,2,2229,0
0,4,2230,0
0,3,2231,0
0,4,2232,0
0,4,2233,0
0,3,2234,0
0,4,2235,0
0,2,2236,0
0,4,2237,0
0,2,2238,0
0,1,2239,0
0,3,2240,0
0,3,2241,0
0,1,2242,0
0,1,2243,0
0,3,2244,0
0,1,2245,0
0,4,2246,0
0,3,2247,0
0,1,2248,0
0,4,2249,0
0,4,2250,0
0,3,2251,0
0,2,2252,0
0,4,2253,0
0,2,2254,0
0,2,2255,0
0,3,2256,0
0,4,2257,0
0,1,2258,0
0,3,2259,0
0,2,2260,0
0,2,2261,0
0,4,2262,0
0,4,2263,0
0,3,2264,0
0,4,2265,0
0,4,2266,0
0,2,2267,0
0,2,2268,0
0,2,2269,0
0,3,2270,0
0,2,2271,0
0,4,2272,0
0,3,2273,0
0,2,2274,0
0,3,2275,0
0,3,2276,0
0,2,2277,0
0,1,2278,0
0,1,2279,0
0,1,2280,0
0,2,2281,0
0,1,2282,0
0,4,2283,0
0,1,2284,0
0,1,2285,0
0,4,2286,0
0,3,2287,0
0,2,2288,0
0,3,2289,0
0,2,2290,0
0,1,2291,0
0,1,2292,0
0,1,2293,0
0,2,2294,0
0,4,2295,0
0,1,2296,0
0,1,2297,1
0,4,2298,1
0,4,2299,0
0,4,2300,0
0,2,2301,0
0,3,2302,0
0,1,2303,0
0,3,2304,0
0,3,2305,0
0,1,2306,0
0,2,2307,0
0,2,2308,0
0,3,2309,0
0,3,2310,0
0,1,2311,0
0,3,2312,0
0,4,2313,0
0,4,2314,0
0,1,2315,0
0,2,2316,0
0,3,2317,0
0,4,2318,0
0,3,2319,0
0,3,2320,0
0,1,2321,0
0,1,2322,0
0,4,2323,0
0,1,2324,0
0,1,2325,0
0,3,2326,0
0,4,2327,0
0,1,2328,0
0,3,2329,0
0,4,2330,0
0,2,2331,0
0,1,2332,0
0,1,2333,0
0,3,2334,0
0,1,2335,0
0,4,2336,0
0,4,2337,0
0,4,2338,0
0,2,2339,0
0,2,2340,0
0,4,2341,0
0,2,2342,0
0,1,2343,0
0,1,2344,0
0,2,2345,0
0,3,2346,0
0,1,2347,0
0,3,2348,0
0,2,2349,0
0,3,2350,0
0,4,2351,0
0,4,2352,0
0,2,2353,0
0,4,2354,0
0,3,2355,0
0,4,2356,0
0,4,2357,0
0,4,2358,0
0,4,2359,0
0,1,2360,0
0,3,2361,0
0,1,2362,0
0,3,2363,0
0,3,2364,0
0,1,2365,0
0,3,2366,0
0,3,2367,0
0,1,2368,0
0,4,2369,0
0,1,2370,0
0,3,2371,0
0,2,2372,0
0,1,2373,0
0,1,2374,0
0,2,2375,0
0,3,2376,0
0,2,2377,0
0,4,2378,0
0,2,2379,0
0,2,2380,0
0,4,2381,0
0,3,2382,0
0,1,2383,0
0,1,2384,0
0,1,2385,0
0,4,2386,0
0,1,2387,0
0,1,2388,0
0,3,2389,0
0,4,2390,0
0,4,2391,0
0,3,2392,0
0,1,2393,0
0,4,2394,0
0,4,2395,0
0,4,2396,0
0,1,2397,0
0,1,2398,0
0,3,2399,0
0,3,2400,0
0,2,2401,0
0,1,2402,0
0,1,2403,0
0,4,2404,0
0,4,2405,0
0,3,2406,0
0,3,2407,0
0,4,2408,0
0,2,2409,0
0,2,2410,0
0,4,2411,0
0,4,2412,0
0,4,2413,0
0,2,2414,0
0,1,2415,0
0,4,2416,0
0,4,2417,0
0,1,2418,0
0,1,2419,0
0,1,2420,0
0,2,2421,0
0,3,2422,0
0,3,2423,0
0,3,2424,0
0,1,2425,0
0,4,2426,0
0,2,2427,0
0,4,2428,0
0,4,2429,0
0,3,2430,0
0,2,2431,0
0,1,2432,0
0,4,2433,0
0,2,2434,0
0,2,2435,0
0,4,2436,0
0,4,2437,0
0,1,2438,0
0,2,2439,0
0,2,2440,0
0,1,2441,0
0,3,2442,0
0,4,2443,0
0,3,2444,0
0,3,2445,0
0,3,2446,0
0,1,2447,0
0,3,2448,0
0,3,2449,0
0,2,2450,0
0,3,2451,0
0,4,2452,0
0,1,2453,0
0,2,2454,0
0,4,2455,0
0,1,2456,0
0,1,2457,0
0,2,2458,0
0,4,2459,0
0,2,2460,0
0,4,2461,0
0,1,2462,0
0,2,2463,0
0,1,2464,0
0,2,2465,0
0,4,2466,0
0,4,2467,0
0,2,2468,0
0,3,2469,0
0,1,2470,0
0,2,2471,0
0,2,2472,0
0,3,2473,0
0,1,2474,0
0,4,2475,0
0,1,2476,0
0,1,2477,0
0,4,2478,0
0,1,2479,0
0,2,2480,0
0,2,2481,0
0,2,2482,0
0,1,2483,0
0,1,2484,0
0,4,2485,0
0,4,2486,0
0,1,2487,0
0,1,2488,0
0,3,2489,0
0,3,2490,0
0,3,2491,0
0,3,2492,0
0,2,2493,0
0,3,2494,0
0,3,2495,0
0,4,2496,0
0,4,2497,0
0,2,2498,0
0,1,2499,0
0,2,2500,0
0,1,2501,0
0,2,2502,0
0,3,2503,0
0,3,2504,0
0,2,2505,0
0,2,2506,0
0,2,2507,0
0,1,2508,0
0,3,2509,0
0,4,2510,0
0,1,2511,0
0,1,2512,0
0,1,2513,0
0,2,2514,0
0,4,2515,0
0,3,2516,0
0,4,2517,0
0,2,2518,0
0,2,2519,0
0,4,2520,0
0,2,2521,0
0,3,2522,0
0,1,2523,0
0,4,2524,0
0,4,2525,0
0,2,2526,0
0,1,2527,0
0,4,2528,0
0,4,2529,1
0,2,2530,0
0,4,2531,0
0,3,2532,0
0,1,2533,0
0,2,2534,0
0,3,2535,0
0,2,2536,0
0,1,2537,0
0,2,2538,0
0,4,2539,0
0,4,2540,0
0,2,2541,0
0,4,2542,0
0,2,2543,0
0,4,2544,0
0,4,2545,0
0,1,2546,0
0,1,2547,0
0,2,2548,0
0,3,2549,0
0,1,2550,0
0,4,2551,0
0,4,2552,0
0,2,2553,0
0,1,2554,0
0,4,2555,0
0,2,2556,0
0,3,2557,0
0,4,2558,0
0,4,2559,0
0,4,2560,0
0,4,2561,0
0,2,2562,0
0,2,2563,0
0,4,2564,0
0,1,2565,0
0,4,2566,0
0,4,2567,0
0,2,2568,0
0,3,2569,0
0,4,2570,0
0,2,2571,0
0,4,2572,0
0,3,2573,0
0,2,2574,0
0,4,2575,0
0,4,2576,0
0,3,2577,0
0,3,2578,0
0,2,2579,0
0,2,2580,0
0,2,2581,0
0,1,2582,0
0,4,2583,0
0,4,2584,0
0,2,2585,0
0,3,2586,0
0,4,2587,0
0,2,2588,0
0,3,2589,0
0,1,2590,0
0,4,2591,0
0,4,2592,0
0,3,2593,0
0,2,2594,0
0,4,2595,0
0,4,2596,0
0,4,2597,0
0,2,2598,0
0,1,2599,0
0,3,2600,0
0,4,2601,0
0,1,2602,0
0,4,2603,0
0,3,2604,0
0,4,2605,0
0,1,2606,0
0,2,2607,0
0,4,2608,0
0,3,2609,0
0,3,2610,0
0,4,2611,0
0,3,2612,0
0,1,2613,0
0,4,2614,0
0,3,2615,0
0,2,2616,0
0,2,2617,0
0,2,2618,0
0,2,2619,0
0,2,2620,0
0,3,2621,0
0,3,2622,0
0,3,2623,0
0,1,2624,0
0,3,2625,0
0,3,2626,0
0,1,2627,0
0,1,2628,0
0,3,2629,0
0,1,2630,0
0,2,2631,0
0,2,2632,0
0,4,2633,0
0,2,2634,0
0,3,2635,0
0,4,2636,0
0,4,2637,0
0,1,2638,0
0,4,2639,0
0,4,2640,0
0,2,2641,0
0,4,2642,0
0,2,2643,0
0,2,2644,0
0,4,2645,0
0,1,2646,0
0,1,2647,0
0,1,2648,0
0,3,2649,0
0,2,2650,0
0,2,2651,0
0,4,2652,0
0,1,2653,0
0,2,2654,0
0,1,2655,0
0,4,2656,0
0,4,2657,0
0,1,2658,0
0,3,2659,0
0,3,2660,0
0,2,2661,0
0,1,2662,0
0,4,2663,0
0,3,2664,0
0,2,2665,0
0,4,2666,0
0,4,2667,1
0,3,2668,0
0,4,2669,0
0,1,2670,0
0,2,2671,0
0,2,2672,0
0,2,2673,0
0,4,2674,0
0,2,2675,0
0,2,2676,0
0,4,2677,0
0,2,2678,0
0,1,2679,1
0,2,2680,0
0,4,2681,0
0,2,2682,0
0,2,2683,0
0,3,2684,0
0,1,2685,0
0,1,2686,0
0,4,2687,0
0,2,2688,0
0,1,2689,0
0,3,2690,0
0,3,2691,0
0,2,2692,0
0,1,2693,0
0,4,2694,0
0,4,2695,0
0,1,2696,0
0,2,2697,0
0,3,2698,0
0,3,2699,0
0,1,2700,0
0,4,2701,0
0,2,2702,0
0,2,2703,0
0,4,2704,0
0,1,2705,0
0,2,2706,0
0,1,2707,0
0,4,2708,0
0,1,2709,0
0,2,2710,0
0,2,2711,0
0,2,2712,0
0,2,2713,0
0,1,2714,1
0,1,2715,0
0,2,2716,0
0,2,2717,0
0,3,2718,0
0,3,2719,0
0,1,2720,0
0,1,2721,0
0,2,2722,0
0,1,2723,0
0,2,2724,0
0,4,2725,0
0,4,2726,0
0,2,2727,0
0,1,2728,0
0,4,2729,0
0,3,2730,0
0,2,2731,0
0,2,2732,0
0,1,2733,0
0,3,2734,0
0,4,2735,0
0,2,2736,0
0,4,2737,0
0,4,2738,0
0,2,2739,0
0,3,2740,0
0,3,2741,0
0,2,2742,0
0,3,2743,0
0,2,2744,0
0,4,2745,1
0,1,2746,0
0,4,2747,0
0,1,2748,0
0,1,2749,0
0,1,2750,0
0,1,2751,0
0,3,2752,0
0,3,2753,0
0,2,2754,0
0,1,2755,0
0,2,2756,0
0,4,2757,0
0,2,2758,0
0,3,2759,0
0,4,2760,0
0,1,2761,0
0,4,2762,0
0,4,2763,0
0,3,2764,0
0,2,2765,0
0,1,2766,0
0,4,2767,0
0,2,2768,0
0,3,2769,0
0,1,2770,0
0,2,2771,0
0,1,2772,0
0,4,2773,0
0,1,2774,0
0,4,2775,0
0,1,2776,0
0,3,2777,0
0,3,2778,0
0,3,2779,0
0,3,2780,0
0,4,2781,0
0,3,2782,0
0,1,2783,0
0,2,2784,0
0,3,2785,0
0,2,2786,0
0,1,2787,0
0,4,2788,0
0,3,2789,0
0,2,2790,0
0,2,2791,0
0,3,2792,0
0,3,2793,0
0,1,2794,0
0,4,2795,0
0,2,2796,0
0,3,2797,0
0,3,2798,0
0,3,2799,0
0,3,2800,0
0,1,2801,0
0,2,2802,0
0,2,2803,0
0,1,2804,0
0,2,2805,0
0,1,2806,0
0,1,2807,0
0,2,2808,0
0,4,2809,0
0,1,2810,0
0,1,2811,0
0,2,2812,0
0,4,2813,0
0,2,2814,0
0,3,2815,0
0,3,2816,0
0,4,2817,0
0,2,2818,0
0,2,2819,0
0,4,2820,0
0,2,2821,0
0,2,2822,0
0,4,2823,0
0,1,2824,0
0,4,2825,0
0,2,2826,0
0,1,2827,0
0,4,2828,0
0,4,2829,0
0,2,2830,0
0,3,2831,0
0,2,2832,0
0,2,2833,0
0,2,2834,0
0,4,2835,0
0,2,2836,0
0,2,2837,0
0,4,2838,0
0,2,2839,0
0,1,2840,0
0,4,2841,0
0,1,2842,0
0,4,2843,0
0,3,2844,0
0,2,2845,0
0,4,2846,0
0,1,2847,0
0,1,2848,0
0,1,2849,0
0,4,2850,0
0,4,2851,0
0,2,2852,0
0,3,2853,0
0,1,2854,0
0,4,2855,0
0,3,2856,0
0,4,2857,0
0,1,2858,0
0,2,2859,0
0,1,2860,0
0,4,2861,0
0,4,2862,0
0,3,2863,1
0,3,2864,0
0,1,2865,1
0,1,2866,0
0,2,2867,0
0,4,2868,0
0,2,2869,0
0,2,2870,0
0,2,2871,0
0,1,2872,0
0,4,2873,0
0,1,2874,0
0,4,2875,0
0,3,2876,0
0,4,2877,0
0,4,2878,0
0,2,2879,0
0,3,2880,0
0,1,2881,0
0,1,2882,0
0,2,2883,0
0,4,2884,0
0,1,2885,0
0,1,2886,0
0,3,2887,0
0,1,2888,0
0,3,2889,0
0,3,2890,0
0,3,2891,0
0,4,2892,0
0,3,2893,0
0,4,2894,0
0,3,2895,0
0,3,2896,0
0,3,2897,0
0,2,2898,0
0,2,2899,0
0,2,2900,0
0,3,2901,0
0,4,2902,0
0,1,2903,0
0,3,2904,0
0,3,2905,0
0,4,2906,0
0,1,2907,0
0,2,2908,0
0,4,2909,0
0,2,2910,0
0,3,2911,0
0,2,2912,0
0,3,2913,0
0,2,2914,0
0,1,2915,0
0,4,2916,0
0,1,2917,0
0,2,2918,0
0,2,2919,0
0,4,2920,0
0,1,2921,0
0,1,2922,0
0,4,2923,0
0,3,2924,0
0,1,2925,0
0,2,2926,0
0,1,2927,0
0,2,2928,0
0,1,2929,0
0,2,2930,0
0,3,2931,0
0,1,2932,0
0,2,2933,0
0,4,2934,0
0,3,2935,0
0,4,2936,0
0,2,2937,0
0,1,2938,0
0,2,2939,0
0,2,2940,0
0,1,2941,0
0,2,2942,0
0,3,2943,0
0,1,2944,0
0,1,2945,0
0,1,2946,0
0,1,2947,0
0,3,2948,0
0,3,2949,0
0,3,2950,0
0,1,2951,0
0,2,2952,0
0,4,2953,0
0,2,2954,0
0,2,2955,0
0,1,2956,0
0,3,2957,0
0,1,2958,0
0,1,2959,0
0,2,2960,0
0,1,2961,0
0,4,2962,0
0,2,2963,0
0,3,2964,0
0,3,2965,0
0,1,2966,0
0,1,2967,0
0,2,2968,0
0,4,2969,0
0,3,2970,0
0,2,2971,0
0,2,2972,0
0,3,2973,0
0,1,2974,0
0,3,2975,0
0,4,2976,0
0,1,2977,0
0,2,2978,0
0,4,2979,0
0,4,2980,0
0,1,2981,0
0,3,2982,0
0,4,2983,0
0,4,2984,0
0,4,2985,0
0,3,2986,0
0,1,2987,0
0,4,2988,0
0,4,2989,0
0,1,2990,0
0,3,2991,0
0,1,2992,0
0,3,2993,0
0,1,2994,0
0,3,2995,0
0,1,2996,0
0,2,2997,0
0,3,2998,0
0,2,2999,0
0,1,3000,0
0,4,3001,0
0,2,3002,0
0,1,3003,0
0,3,3004,0
0,4,3005,0
0,3,3006,0
0,1,3007,0
0,4,3008,0
0,2,3009,0
0,4,3010,0
0,3,3011,0
0,3,3012,0
0,1,3013,0
0,1,3014,0
0,1,3015,0
0,1,3016,0
0,3,3017,0
0,2,3018,0
0,2,3019,0
0,4,3020,0
0,2,3021,0
0,2,3022,0
0,3,3023,0
0,2,3024,0
0,3,3025,0
0,2,3026,0
0,2,3027,0
0,1,3028,0
0,1,3029,0
0,4,3030,0
0,2,3031,0
0,1,3032,0
0,4,3033,0
0,1,3034,0
0,3,3035,0
0,2,3036,0
0,1,3037,0
0,1,3038,0
0,3,3039,0
0,3,3040,0
0,2,3041,0
0,3,3042,0
0,4,3043,0
0,1,3044,0
0,3,3045,0
0,3,3046,0
0,1,3047,0
0,4,3048,0
0,2,3049,0
0,4,3050,0
0,2,3051,0
0,2,3052,0
0,2,3053,0
0,4,3054,0
0,2,3055,0
0,3,3056,0
0,4,3057,0
0,1,3058,0
0,4,3059,0
0,3,3060,0
0,4,3061,0
0,3,3062,0
0,2,3063,0
0,1,3064,0
0,4,3065,0
0,3,3066,0
0,4,3067,0
0,1,3068,0
0,2,3069,0
0,4,3070,0
0,4,3071,0
0,1,3072,0
0,2,3073,0
0,4,3074,0
0,4,3075,1
0,1,3076,0
0,3,3077,0
0,3,3078,0
0,3,3079,0
0,3,3080,0
0,4,3081,0
0,1,3082,0
0,3,3083,0
0,3,3084,0
0,2,3085,0
0,4,3086,0
0,2,3087,0
0,2,3088,0
0,4,3089,0
0,1,3090,0
0,2,3091,0
0,4,3092,0
0,1,3093,0
0,4,3094,0
0,1,3095,0
0,4,3096,0
0,2,3097,0
0,1,3098,0
0,4,3099,0
0,1,3100,0
0,1,3101,0
0,1,3102,0
0,4,3103,0
0,4,3104,0
0,2,3105,0
0,3,3106,0
0,4,3107,0
0,2,3108,0
0,3,3109,0
0,3,3110,0
0,1,3111,0
0,2,3112,0
0,3,3113,0
0,4,3114,0
0,3,3115,0
0,1,3116,0
0,2,3117,0
0,1,3118,0
0,4,3119,0
0,3,3120,0
0,2,3121,0
0,2,3122,0
0,4,3123,0
0,4,3124,0
0,2,3125,0
0,3,3126,0
0,2,3127,0
0,4,3128,0
0,2,3129,0
0,4,3130,0
0,4,3131,0
0,2,3132,0
0,2,3133,0
0,3,3134,0
0,3,3135,0
0,4,3136,0
0,1,3137,0
0,1,3138,0
0,1,3139,0
0,3,3140,0
0,1,3141,0
0,4,3142,0
0,1,3143,0
0,3,3144,0
0,1,3145,0
0,1,3146,0
0,1,3147,0
0,3,3148,0
0,2,3149,0
0,4,3150,0
0,3,3151,0
0,1,3152,0
0,4,3153,0
0,4,3154,1
0,1,3155,0
0,1,3156,0
0,3,3157,0
0,4,3158,0
0,3,3159,0
0,3,3160,0
0,3,3161,0
0,1,3162,0
0,3,3163,0
0,1,3164,0
0,4,3165,0
0,4,3166,0
0,4,3167,0
0,1,3168,0
0,1,3169,0
0,1,3170,0
0,4,3171,0
0,4,3172,0
0,3,3173,0
0,1,3174,0
0,3,3175,0
0,4,3176,0
0,4,3177,0
0,4,3178,0
0,4,3179,0
0,2,3180,0
0,3,3181,0
0,2,3182,0
0,4,3183,0
0,3,3184,0
0,3,3185,0
0,3,3186,0
0,4,3187,0
0,1,3188,0
0,4,3189,0
0,2,3190,0
0,2,3191,0
0,1,3192,0
0,3,3193,0
0,3,3194,0
0,3,3195,0
0,3,3196,0
0,4,3197,0
0,4,3198,0
0,2,3199,0
0,3,3200,0
0,2,3201,0
0,1,3202,0
0,2,3203,0
0,1,3204,0
0,2,3205,0
0,1,3206,0
0,3,3207,0
0,4,3208,0
0,4,3209,0
0,4,3210,0
0,3,3211,0
0,4,3212,0
0,4,3213,0
0,2,3214,0
0,2,3215,0
0,4,3216,0
0,3,3217,0
0,3,3218,0
0,3,3219,0
0,4,3220,0
0,3,3221,0
0,4,3222,0
0,4,3223,0
0,2,3224,0
0,4,3225,0
0,2,3226,0
0,2,3227,0
0,4,3228,0
0,1,3229,0
0,3,3230,0
0,3,3231,0
0,2,3232,0
0,3,3233,0
0,2,3234,0
0,1,3235,0
0,3,3236,0
0,4,3237,0
0,2,3238,0
0,1,3239,0
0,4,3240,1
0,4,3241,0
0,3,3242,0
0,4,3243,0
0,4,3244,0
0,2,3245,0
0,3,3246,0
0,3,3247,0
0,2,3248,0
0,2,3249,0
0,2,3250,0
0,1,3251,0
0,4,3252,0
0,3,3253,0
0,3,3254,0
0,2,3255,0
0,1,3256,0
0,1,3257,0
0,4,3258,0
0,3,3259,0
0,3,3260,0
0,2,3261,0
0,1,3262,0
0,4,3263,0
0,3,3264,0
0,1,3265,0
0,2,3266,0
0,1,3267,0
0,4,3268,0
0,2,3269,0
0,4,3270,0
0,1,3271,0
0,4,3272,0
0,3,3273,0
0,2,3274,0
0,2,3275,0
0,2,3276,0
0,2,3277,0
0,3,3278,0
0,2,3279,0
0,1,3280,0
0,1,3281,0
0,1,3282,0
0,2,3283,0
0,2,3284,0
0,1,3285,0
0,4,3286,0
0,2,3287,0
0,3,3288,0
0,4,3289,0
0,4,3290,0
0,3,3291,0
0,3,3292,0
0,1,3293,0
0,4,3294,0
0,3,3295,0
0,1,3296,0
0,3,3297,0
0,3,3298,0
0,4,3299,0
0,2,3300,0
0,1,3301,0
0,1,3302,0
0,2,3303,0
0,2,3304,0
0,2,3305,0
0,3,3306,0
0,4,3307,0
0,4,3308,0
0,3,3309,0
0,2,3310,0
0,2,3311,0
0,2,3312,0
0,4,3313,0
0,4,3314,0
0,1,3315,0
0,4,3316,0
0,4,3317,0
0,3,3318,0
0,3,3319,0
0,2,3320,0
0,3,3321,0
0,3,3322,0
0,1,3323,0
0,1,3324,0
0,4,3325,0
0,2,3326,0
0,3,3327,0
0,3,3328,0
0,3,3329,0
0,4,3330,0
0,2,3331,0
0,1,3332,0
0,2,3333,0
0,2,3334,0
0,2,3335,0
0,4,3336,0
0,3,3337,0
0,1,3338,0
0,2,3339,0
0,3,3340,0
0,4,3341,0
0,3,3342,0
0,2,3343,0
0,3,3344,0
0,3,3345,0
0,1,3346,0
0,2,3347,0
0,1,3348,0
0,2,3349,0
0,1,3350,0
0,3,3351,0
0,4,3352,0
0,4,3353,0
0,2,3354,0
0,1,3355,0
0,2,3356,0
0,3,3357,0
0,2,3358,0
0,2,3359,0
0,4,3360,0
0,2,3361,0
0,1,3362,0
0,2,3363,0
0,2,3364,0
0,4,3365,0
0,4,3366,0
0,1,3367,0
0,1,3368,0
0,4,3369,0
0,4,3370,0
0,2,3371,0
0,3,3372,0
0,2,3373,0
0,2,3374,0
0,4,3375,0
0,4,3376,0
0,2,3377,0
0,3,3378,0
0,1,3379,0
0,2,3380,0
0,1,3381,0
0,2,3382,0
0,3,3383,0
0,2,3384,0
0,4,3385,0
0,1,3386,0
0,4,3387,0
0,3,3388,0
0,3,3389,0
0,2,3390,0
0,1,3391,0
0,3,3392,0
0,2,3393,1
0,3,3394,0
0,3,3395,0
0,3,3396,0
0,3,3397,0
0,2,3398,0
0,1,3399,0
0,4,3400,0
0,1,3401,0
0,1,3402,0
0,4,3403,0
0,1,3404,0
0,3,3405,0
0,2,3406,0
0,1,3407,0
0,3,3408,0
0,3,3409,0
0,1,3410,0
0,3,3411,0
0,2,3412,0
0,2,3413,0
0,2,3414,0
0,3,3415,0
0,3,3416,0
0,1,3417,0
0,4,3418,0
0,2,3419,0
0,4,3420,0
0,3,3421,0
0,4,3422,0
0,3,3423,0
0,3,3424,0
0,2,3425,0
0,3,3426,0
0,4,3427,0
0,4,3428,0
0,2,3429,0
0,3,3430,0
0,2,3431,0
0,4,3432,1
0,2,3433,0
0,1,3434,0
0,2,3435,0
0,3,3436,0
0,3,3437,0
0,2,3438,0
0,4,3439,0
0,2,3440,0
0,2,3441,0
0,1,3442,0
0,2,3443,0
0,3,3444,0
0,3,3445,0
0,4,3446,0
0,4,3447,0
0,3,3448,0
0,1,3449,0
0,3,3450,0
0,3,3451,0
0,3,3452,0
0,1,3453,0
0,2,3454,0
0,1,3455,0
0,2,3456,0
0,2,3457,0
0,2,3458,0
0,4,3459,0
0,3,3460,0
0,3,3461,0
0,1,3462,0
0,4,3463,0
0,2,3464,0
0,3,3465,0
0,2,3466,0
0,3,3467,0
0,2,3468,0
0,3,3469,0
0,1,3470,0
0,4,3471,0
0,4,3472,0
0,4,3473,0
0,3,3474,0
0,3,3475,0
0,1,3476,0
0,3,3477,0
0,2,3478,0
0,1,3479,0
0,3,3480,0
0,4,3481,0
0,2,3482,0
0,1,3483,0
0,4,3484,0
0,3,3485,0
0,3,3486,0
0,4,3487,0
0,3,3488,0
0,1,3489,0
0,2,3490,0
0,1,3491,0
0,2,3492,0
0,4,3493,0
0,1,3494,0
0,4,3495,0
0,1,3496,0
0,2,3497,0
0,2,3498,0
0,3,3499,0
0,3,3500,0
0,3,3501,0
0,1,3502,0
0,2,3503,0
0,1,3504,0
0,1,3505,0
0,1,3506,0
0,1,3507,0
0,1,3508,0
0,4,3509,0
0,1,3510,0
0,1,3511,0
0,2,3512,0
0,4,3513,0
0,4,3514,0
0,4,3515,0
0,3,3516,0
0,3,3517,0
0,1,3518,0
0,2,3519,0
0,1,3520,0
0,1,3521,0
0,3,3522,0
0,3,3523,0
0,2,3524,0
0,1,3525,0
0,4,3526,0
0,4,3527,0
0,3,3528,0
0,2,3529,0
0,1,3530,0
0,2,3531,0
0,4,3532,0
0,1,3533,0
0,4,3534,0
0,2,3535,0
0,3,3536,0
0,3,3537,0
0,4,3538,0
0,3,3539,0
0,2,3540,0
0,2,3541,0
0,4,3542,0
0,4,3543,0
0,1,3544,0
0,3,3545,0
0,4,3546,0
0,4,3547,0
0,4,3548,0
0,3,3549,0
0,1,3550,0
0,2,3551,0
0,2,3552,0
0,3,3553,0
0,3,3554,0
0,3,3555,0
0,1,3556,0
0,4,3557,0
0,1,3558,0
0,2,3559,0
0,3,3560,0
0,1,3561,0
0,1,3562,1
0,4,3563,0
0,3,3564,0
0,4,3565,0
0,1,3566,0
0,4,3567,0
0,4,3568,0
0,2,3569,0
0,3,3570,0
0,4,3571,0
0,1,3572,0
0,2,3573,0
0,3,3574,0
0,3,3575,0
0,3,3576,0
0,3,3577,0
0,1,3578,0
0,1,3579,0
0,1,3580,0
0,3,3581,0
0,3,3582,0
0,2,3583,0
0,2,3584,0
0,4,3585,0
0,2,3586,0
0,4,3587,0
0,3,3588,0
0,4,3589,1
0,4,3590,0
0,4,3591,0
0,1,3592,0
0,2,3593,0
0,2,3594,0
0,2,3595,0
0,3,3596,0
0,2,3597,0
0,4,3598,0
0,4,3599,0
0,3,3600,0
0,3,3601,0
0,4,3602,0
0,4,3603,0
0,2,3604,0
0,1,3605,0
0,4,3606,0
0,4,3607,0
0,3,3608,0
0,2,3609,0
0,1,3610,0
0,4,3611,0
0,4,3612,0
0,2,3613,0
0,2,3614,0
0,2,3615,0
0,3,3616,0
0,2,3617,0
0,1,3618,0
0,2,3619,0
0,3,3620,0
0,3,3621,0
0,2,3622,0
0,2,3623,0
0,2,3624,0
0,1,3625,0
0,4,3626,0
0,1,3627,0
0,2,3628,0
0,4,3629,1
0,4,3630,0
0,1,3631,0
0,3,3632,0
0,2,3633,0
0,2,3634,0
0,3,3635,0
0,2,3636,0
0,4,3637,0
0,4,3638,0
0,3,3639,0
0,4,3640,0
0,4,3641,0
0,2,3642,0
0,2,3643,0
0,2,3644,0
0,1,3645,0
0,1,3646,0
0,3,3647,0
0,1,3648,0
0,1,3649,0
0,2,3650,0
0,3,3651,0
0,2,3652,0
0,4,3653,0
0,3,3654,0
0,1,3655,0
0,3,3656,0
0,1,3657,0
0,3,3658,0
0,1,3659,0
0,2,3660,0
0,2,3661,0
0,2,3662,0
0,3,3663,0
0,3,3664,0
0,3,3665,0
0,4,3666,0
0,4,3667,0
0,2,3668,0
0,1,3669,0
0,1,3670,0
0,3,3671,0
0,4,3672,0
0,2,3673,0
0,4,3674,0
0,4,3675,0
0,3,3676,0
0,1,3677,0
0,3,3678,0
0,4,3679,0
0,1,3680,0
0,1,3681,0
0,1,3682,0
0,2,3683,0
0,2,3684,0
0,4,3685,0
0,2,3686,0
0,2,3687,0
0,3,3688,0
0,4,3689,0
0,2,3690,0
0,1,3691,0
0,1,3692,0
0,2,3693,0
0,2,3694,0
0,2,3695,0
0,4,3696,0
0,1,3697,0
0,4,3698,0
0,3,3699,0
0,4,3700,0
0,4,3701,0
0,1,3702,0
0,1,3703,0
0,4,3704,0
0,4,3705,0
0,2,3706,0
0,2,3707,0
0,2,3708,0
0,1,3709,0
0,2,3710,0
0,1,3711,0
0,4,3712,0
0,2,3713,0
0,3,3714,0
0,4,3715,0
0,2,3716,0
0,4,3717,0
0,4,3718,0
0,3,3719,0
0,2,3720,0
0,2,3721,0
0,2,3722,0
0,2,3723,0
0,4,3724,0
0,2,3725,0
0,1,3726,0
0,3,3727,0
0,2,3728,0
0,1,3729,0
0,3,3730,0
0,4,3731,0
0,2,3732,0
0,4,3733,0
0,4,3734,0
0,1,3735,0
0,1,3736,0
0,4,3737,0
0,2,3738,0
0,4,3739,0
0,3,3740,0
0,3,3741,0
0,1,3742,0
0,1,3743,0
0,4,3744,0
0,1,3745,0
0,2,3746,0
0,3,3747,0
0,3,3748,0
0,1,3749,0
0,3,3750,0
0,4,3751,0
0,1,3752,0
0,4,3753,0
0,2,3754,0
0,3,3755,0
0,1,3756,0
0,1,3757,0
0,2,3758,0
0,4,3759,1
0,2,3760,0
0,3,3761,0
0,3,3762,0
0,2,3763,0
0,1,3764,0
0,1,3765,0
0,1,3766,0
0,3,3767,0
0,2,3768,0
0,3,3769,0
0,3,3770,0
0,1,3771,0
0,1,3772,0
0,2,3773,0
0,3,3774,0
0,3,3775,0
0,3,3776,0
0,4,3777,0
0,2,3778,0
0,4,3779,0
0,3,3780,0
0,4,3781,0
0,3,3782,0
0,2,3783,0
0,3,3784,0
0,1,3785,0
0,2,3786,0
0,3,3787,0
0,1,3788,0
0,1,3789,0
0,2,3790,0
0,2,3791,0
0,2,3792,0
0,3,3793,0
0,1,3794,0
0,1,3795,0
0,3,3796,0
0,4,3797,0
0,1,3798,0
0,1,3799,0
0,2,3800,0
0,4,3801,0
0,4,3802,0
0,3,3803,0
0,4,3804,0
0,1,3805,0
0,3,3806,0
0,2,3807,0
0,2,3808,0
0,1,3809,0
0,3,3810,0
0,2,3811,0
0,3,3812,0
0,1,3813,0
0,4,3814,0
0,3,3815,0
0,4,3816,0
0,2,3817,0
0,3,3818,0
0,4,3819,0
0,2,3820,0
0,2,3821,0
0,4,3822,0
0,4,3823,0
0,4,3824,0
0,4,3825,0
0,1,3826,0
0,2,3827,0
0,2,3828,0
0,4,3829,0
0,1,3830,0
0,2,3831,0
0,2,3832,0
0,3,3833,0
0,2,3834,0
0,4,3835,0
0,4,3836,0
0,3,3837,0
0,1,3838,0
0,3,3839,0
0,4,3840,0
0,3,3841,0
0,3,3842,0
0,2,3843,0
0,2,3844,0
0,2,3845,0
0,3,3846,0
0,1,3847,0
0,3,3848,0
0,2,3849,0
0,3,3850,0
0,4,3851,0
0,1,3852,0
0,2,3853,0
0,4,3854,0
0,4,3855,0
0,4,3856,0
0,1,3857,0
0,2,3858,0
0,1,3859,0
0,1,3860,0
0,4,3861,0
0,1,3862,0
0,3,3863,0
0,2,3864,0
0,4,3865,0
0,1,3866,0
0,1,3867,0
0,4,3868,0
0,3,3869,0
0,3,3870,0
0,2,3871,0
0,1,3872,0
0,1,3873,0
0,4,3874,0
0,1,3875,0
0,1,3876,0
0,1,3877,0
0,3,3878,0
0,4,3879,0
0,2,3880,0
0,4,3881,0
0,3,3882,0
0,1,3883,0
0,2,3884,0
0,3,3885,0
0,1,3886,0
0,1,3887,0
0,3,3888,0
0,4,3889,0
0,3,3890,0
0,2,3891,0
0,1,3892,0
0,1,3893,0
0,3,3894,0
0,4,3895,0
0,1,3896,0
0,1,3897,0
0,3,3898,0
0,4,3899,0
0,3,3900,0
0,2,3901,0
0,1,3902,0
0,1,3903,0
0,1,3904,0
0,4,3905,0
0,1,3906,0
0,2,3907,0
0,4,3908,0
0,3,3909,0
0,3,3910,0
0,4,3911,1
0,4,3912,1
0,1,3913,0
0,3,3914,0
0,1,3915,0
0,3,3916,0
0,1,3917,0
0,3,3918,0
0,1,3919,0
0,4,3920,0
0,3,3921,0
0,4,3922,0
0,3,3923,0
0,3,3924,0
0,1,3925,0
0,3,3926,0
0,2,3927,0
0,1,3928,0
0,1,3929,0
0,4,3930,0
0,3,3931,0
0,4,3932,0
0,2,3933,0
0,2,3934,0
0,1,3935,0
0,4,3936,1
0,4,3937,0
0,3,3938,0
0,1,3939,0
0,2,3940,0
0,1,3941,0
0,1,3942,0
0,4,3943,0
0,1,3944,0
0,2,3945,0
0,4,3946,0
0,4,3947,0
0,2,3948,0
0,3,3949,0
0,4,3950,0
0,4,3951,0
0,3,3952,0
0,4,3953,0
0,3,3954,0
0,3,3955,0
0,1,3956,0
0,4,3957,0
0,1,3958,0
0,4,3959,0
0,2,3960,0
0,2,3961,0
0,1,3962,0
0,3,3963,0
0,2,3964,0
0,4,3965,0
0,1,3966,0
0,4,3967,0
0,4,3968,0
0,1,3969,0
0,3,3970,0
0,4,3971,0
0,1,3972,0
0,1,3973,0
0,1,3974,0
0,2,3975,0
0,1,3976,0
0,4,3977,0
0,4,3978,0
0,3,3979,0
0,3,3980,0
0,1,3981,0
0,4,3982,0
0,3,3983,0
0,1,3984,0
0,1,3985,0
0,4,3986,0
0,1,3987,0
0,3,3988,0
0,1,3989,0
0,2,3990,0
0,4,3991,0
0,4,3992,0
0,2,3993,0
0,2,3994,1
0,3,3995,0
0,3,3996,0
0,3,3997,0
0,2,3998,0
0,4,3999,0
0,2,4000,0
0,1,4001,0
0,4,4002,0
0,3,4003,0
0,3,4004,0
0,1,4005,0
0,2,4006,0
0,2,4007,0
0,1,4008,0
0,1,4009,0
0,4,4010,0
0,2,4011,0
0,4,4012,0
0,2,4013,0
0,1,4014,0
0,1,4015,0
0,2,4016,0
0,1,4017,0
0,1,4018,0
0,1,4019,0
0,1,4020,0
0,3,4021,0
0,1,4022,0
0,4,4023,0
0,2,4024,0
0,3,4025,0
0,4,4026,0
0,1,4027,0
0,2,4028,0
0,4,4029,0
0,1,4030,0
0,3,4031,0
0,1,4032,0
0,3,4033,0
0,2,4034,0
0,4,4035,0
0,2,4036,0
0,2,4037,0
0,3,4038,0
0,1,4039,0
0,2,4040,0
0,3,4041,0
0,3,4042,0
0,3,4043,0
0,1,4044,0
0,3,4045,0
0,3,4046,0
0,2,4047,0
0,1,4048,0
0,1,4049,0
0,4,4050,0
0,1,4051,0
0,3,4052,0
0,4,4053,0
0,1,4054,0
0,3,4055,0
0,3,4056,0
0,3,4057,0
0,3,4058,0
0,4,4059,0
0,4,4060,0
0,3,4061,0
0,2,4062,0
0,4,4063,0
0,2,4064,0
0,3,4065,0
0,2,4066,0
0,2,4067,0
0,4,4068,0
0,3,4069,0
0,2,4070,0
0,3,4071,0
0,4,4072,0
0,1,4073,0
0,3,4074,0
0,1,4075,0
0,4,4076,0
0,2,4077,0
0,2,4078,0
0,4,4079,0
0,4,4080,0
0,1,4081,0
0,3,4082,0
0,1,4083,0
0,4,4084,0
0,3,4085,0
0,1,4086,0
0,1,4087,0
0,1,4088,0
0,1,4089,0
0,2,4090,0
0,1,4091,0
0,3,4092,0
0,4,4093,0
0,3,4094,0
0,2,4095,0
0,3,4096,0
0,3,4097,0
0,4,4098,0
0,1,4099,0
0,1,4100,0
0,3,4101,0
0,1,4102,0
0,1,4103,0
0,3,4104,0
0,2,4105,0
0,4,4106,0
0,1,4107,0
0,1,4108,0
0,4,4109,0
0,3,4110,0
0,2,4111,0
0,3,4112,0
0,2,4113,0
0,4,4114,0
0,2,4115,0
0,2,4116,0
0,2,4117,0
0,3,4118,0
0,1,4119,0
0,3,4120,0
0,2,4121,0
0,4,4122,0
0,1,4123,0
0,3,4124,0
0,1,4125,0
0,4,4126,0
0,1,4127,0
0,4,4128,0
0,3,4129,0
0,2,4130,0
0,4,4131,0
0,1,4132,0
0,2,4133,0
0,2,4134,0
0,2,4135,0
0,3,4136,0
0,4,4137,0
0,3,4138,0
0,1,4139,0
0,2,4140,0
0,4,4141,0
0,3,4142,0
0,3,4143,0
0,1,4144,0
0,2,4145,0
0,4,4146,0
0,2,4147,0
0,2,4148,0
0,3,4149,0
0,1,4150,0
0,3,4151,0
0,2,4152,0
0,1,4153,0
0,1,4154,0
0,4,4155,0
0,2,4156,0
0,4,4157,0
0,1,4158,0
0,3,4159,0
0,4,4160,0
0,2,4161,0
0,3,4162,0
0,3,4163,0
0,2,4164,0
0,4,4165,0
0,1,4166,0
0,2,4167,0
0,3,4168,0
0,1,4169,0
0,3,4170,0
0,4,4171,0
0,4,4172,0
0,3,4173,0
0,3,4174,1
0,1,4175,0
0,2,4176,0
0,1,4177,0
0,3,4178,0
0,2,4179,0
0,4,4180,0
0,4,4181,0
0,1,4182,1
0,2,4183,0
0,2,4184,0
0,3,4185,0
0,1,4186,0
0,1,4187,0
0,3,4188,0
0,3,4189,0
0,3,4190,0
0,2,4191,0
0,3,4192,0
0,3,4193,0
0,1,4194,0
0,4,4195,0
0,1,4196,0
0,1,4197,0
0,4,4198,0
0,1,4199,0
0,3,4200,0
0,3,4201,0
0,4,4202,0
0,3,4203,0
0,3,4204,0
0,1,4205,0
0,3,4206,0
0,3,4207,0
0,4,4208,0
0,2,4209,0
0,3,4210,0
0,2,4211,0
0,3,4212,0
0,3,4213,0
0,1,4214,0
0,1,4215,0
0,4,4216,0
0,1,4217,0
0,2,4218,0
0,3,4219,0
0,4,4220,0
0,1,4221,0
0,3,4222,0
0,4,4223,0
0,4,4224,0
0,2,4225,0
0,2,4226,0
0,3,4227,0
0,2,4228,0
0,1,4229,0
0,2,4230,0
0,2,4231,0
0,1,4232,0
0,3,4233,0
0,2,4234,0
0,2,4235,0
0,1,4236,0
0,1,4237,0
0,1,4238,0
0,4,4239,0
0,1,4240,0
0,2,4241,0
0,4,4242,0
0,2,4243,0
0,2,4244,0
0,1,4245,0
0,3,4246,0
0,2,4247,0
0,1,4248,0
0,3,4249,0
0,2,4250,0
0,2,4251,0
0,4,4252,0
0,4,4253,0
0,4,4254,0
0,4,4255,0
0,3,4256,0
0,4,4257,0
0,4,4258,0
0,1,4259,0
0,4,4260,0
0,4,4261,0
0,2,4262,0
0,3,4263,0
0,3,4264,0
0,2,4265,0
0,3,4266,0
0,1,4267,0
0,4,4268,0
0,3,4269,0
0,4,4270,0
0,4,4271,0
0,4,4272,0
0,3,4273,0
0,2,4274,0
0,3,4275,0
0,3,4276,0
0,2,4277,0
0,2,4278,0
0,2,4279,0
0,1,4280,0
0,1,4281,0
0,3,4282,0
0,4,4283,0
0,4,4284,0
0,4,4285,1
0,4,4286,0
0,2,4287,0
0,1,4288,0
0,2,4289,0
0,4,4290,0
0,1,4291,0
0,3,4292,0
0,3,4293,0
0,1,4294,0
0,4,4295,0
0,2,4296,0
0,2,4297,0
0,1,4298,0
0,4,4299,0
0,2,4300,0
0,4,4301,0
0,3,4302,0
0,2,4303,0
0,4,4304,0
0,3,4305,0
0,2,4306,0
0,4,4307,0
0,1,4308,0
0,2,4309,0
0,4,4310,0
0,2,4311,0
0,1,4312,0
0,3,4313,0
0,4,4314,0
0,4,4315,0
0,2,4316,0
0,4,4317,0
0,2,4318,0
0,2,4319,0
0,4,4320,0
0,2,4321,0
0,3,4322,0
0,2,4323,0
0,4,4324,0
0,3,4325,0
0,4,4326,0
0,4,4327,0
0,1,4328,0
0,4,4329,0
0,3,4330,0
0,1,4331,0
0,3,4332,0
0,1,4333,0
0,3,4334,0
0,3,4335,0
0,1,4336,0
0,4,4337,0
0,2,4338,0
0,1,4339,0
0,3,4340,0
0,1,4341,0
0,1,4342,0
0,2,4343,0
0,4,4344,0
0,4,4345,0
0,1,4346,0
0,3,4347,0
0,3,4348,0
0,4,4349,0
0,3,4350,0
0,1,4351,0
0,2,4352,0
0,4,4353,0
0,2,4354,0
0,2,4355,0
0,3,4356,0
0,3,4357,0
0,3,4358,0
0,2,4359,0
0,2,4360,0
0,3,4361,0
0,3,4362,0
0,2,4363,0
0,2,4364,0
0,4,4365,0
0,2,4366,0
0,1,4367,0
0,3,4368,0
0,4,4369,1
0,1,4370,0
0,3,4371,0
0,2,4372,0
0,3,4373,0
0,2,4374,0
0,1,4375,0
0,2,4376,0
0,4,4377,0
0,4,4378,0
0,2,4379,0
0,2,4380,0
0,3,4381,0
0,4,4382,0
0,4,4383,0
0,3,4384,0
0,2,4385,0
0,3,4386,0
0,2,4387,0
0,3,4388,0
0,3,4389,0
0,1,4390,0
0,2,4391,0
0,1,4392,0
0,2,4393,0
0,1,4394,0
0,4,4395,0
0,1,4396,0
0,4,4397,0
0,2,4398,0
0,3,4399,0
0,3,4400,0
0,4,4401,0
0,2,4402,0
0,1,4403,0
0,3,4404,0
0,1,4405,0
0,3,4406,0
0,2,4407,0
0,1,4408,0
0,1,4409,0
0,1,4410,0
0,3,4411,0
0,4,4412,1
0,3,4413,0
0,3,4414,0
0,2,4415,0
0,4,4416,0
0,4,4417,0
0,3,4418,0
0,2,4419,0
0,1,4420,0
0,2,4421,0
0,1,4422,0
0,2,4423,0
0,3,4424,0
0,2,4425,0
0,1,4426,0
0,1,4427,0
0,1,4428,1
0,3,4429,0
0,4,4430,0
0,2,4431,0
0,1,4432,0
0,2,4433,0
0,1,4434,0
0,1,4435,0
0,1,4436,0
0,3,4437,0
0,1,4438,0
0,3,4439,0
0,3,4440,0
0,4,4441,0
0,3,4442,0
0,1,4443,0
0,1,4444,0
0,1,4445,0
0,4,4446,0
0,2,4447,0
0,1,4448,0
0,2,4449,0
0,4,4450,0
0,3,4451,0
0,3,4452,0
0,2,4453,0
0,2,4454,0
0,4,4455,0
0,3,4456,0
0,3,4457,0
0,1,4458,0
0,2,4459,0
0,2,4460,0
0,2,4461,0
0,4,4462,0
0,4,4463,0
0,3,4464,0
0,4,4465,0
0,1,4466,0
0,2,4467,0
0,3,4468,0
0,3,4469,0
0,2,4470,0
0,4,4471,0
0,3,4472,0
0,2,4473,0
0,2,4474,0
0,4,4475,0
0,1,4476,0
0,1,4477,0
0,3,4478,0
0,1,4479,0
0,2,4480,0
0,4,4481,0
0,4,4482,0
0,2,4483,0
0,4,4484,0
0,3,4485,0
0,2,4486,0
0,3,4487,0
0,1,4488,0
0,3,4489,0
0,4,4490,0
0,2,4491,0
0,3,4492,0
0,1,4493,0
0,1,4494,0
0,3,4495,0
0,4,4496,0
0,4,4497,0
0,4,4498,0
0,2,4499,0
0,2,4500,0
0,2,4501,0
0,3,4502,0
0,2,4503,0
0,4,4504,0
0,1,4505,0
0,4,4506,0
0,3,4507,0
0,3,4508,0
0,1,4509,0
0,3,4510,0
0,4,4511,0
0,4,4512,0
0,3,4513,0
0,2,4514,0
0,1,4515,0
0,4,4516,0
0,3,4517,0
0,4,4518,0
0,4,4519,0
0,2,4520,0
0,4,4521,0
0,1,4522,0
0,2,4523,0
0,2,4524,0
0,4,4525,0
0,1,4526,0
0,4,4527,0
0,4,4528,0
0,1,4529,0
0,4,4530,0
0,2,4531,0
0,4,4532,0
0,1,4533,0
0,2,4534,0
0,4,4535,1
0,3,4536,0
0,4,4537,0
0,3,4538,0
0,3,4539,0
0,4,4540,0
0,3,4541,0
0,2,4542,0
0,1,4543,0
0,3,4544,0
0,1,4545,0
0,1,4546,0
0,1,4547,0
0,1,4548,0
0,2,4549,0
0,3,4550,0
0,4,4551,0
0,4,4552,0
0,1,4553,0
0,4,4554,0
0,1,4555,0
0,2,4556,0
0,4,4557,0
0,4,4558,0
0,1,4559,0
0,4,4560,0
0,1,4561,0
0,2,4562,0
0,3,4563,0
0,2,4564,0
0,2,4565,0
0,4,4566,0
0,1,4567,0
0,2,4568,0
0,3,4569,0
0,3,4570,0
0,2,4571,0
0,3,4572,0
0,4,4573,0
0,2,4574,0
0,1,4575,0
0,4,4576,0
0,4,4577,0
0,3,4578,0
0,3,4579,0
0,2,4580,0
0,1,4581,0
0,1,4582,0
0,3,4583,0
0,1,4584,0
0,4,4585,0
0,2,4586,0
0,2,4587,0
0,4,4588,0
0,2,4589,0
0,2,4590,0
0,4,4591,0
0,1,4592,0
0,2,4593,0
0,2,4594,0
0,2,4595,0
0,2,4596,0
0,2,4597,0
0,1,4598,0
0,3,4599,0
0,3,4600,0
0,1,4601,0
0,4,4602,0
0,4,4603,0
0,4,4604,0
0,2,4605,0
0,3,4606,0
0,2,4607,0
0,2,4608,0
0,2,4609,0
0,4,4610,0
0,4,4611,0
0,2,4612,0
0,1,4613,0
0,3,4614,0
0,3,4615,0
0,1,4616,0
0,1,4617,0
0,3,4618,0
0,1,4619,0
0,2,4620,0
0,4,4621,0
0,3,4622,0
0,4,4623,0
0,3,4624,0
0,1,4625,0
0,3,4626,0
0,2,4627,0
0,2,4628,0
0,2,4629,0
0,4,4630,0
0,2,4631,0
0,4,4632,0
0,4,4633,0
0,3,4634,0
0,1,4635,0
0,4,4636,0
0,1,4637,0
0,2,4638,0
0,3,4639,0
0,1,4640,0
0,2,4641,0
0,1,4642,0
0,3,4643,0
0,1,4644,0
0,3,4645,0
0,1,4646,0
0,1,4647,0
0,2,4648,0
0,2,4649,0
0,3,4650,0
0,2,4651,0
0,1,4652,0
0,4,4653,0
0,3,4654,0
0,3,4655,0
0,3,4656,0
0,4,4657,0
0,4,4658,0
0,1,4659,0
0,1,4660,0
0,1,4661,0
0,1,4662,0
0,2,4663,0
0,3,4664,0
0,2,4665,0
0,2,4666,0
0,1,4667,0
0,3,4668,0
0,3,4669,0
0,4,4670,0
0,4,4671,0
0,3,4672,0
0,4,4673,0
0,1,4674,0
0,1,4675,0
0,4,4676,0
0,3,4677,0
0,2,4678,0
0,4,4679,0
0,4,4680,0
0,1,4681,0
0,1,4682,0
0,4,4683,0
0,4,4684,0
0,3,4685,0
0,3,4686,0
0,2,4687,0
0,4,4688,0
0,3,4689,0
0,1,4690,0
0,4,4691,0
0,4,4692,0
0,2,4693,0
0,2,4694,0
0,2,4695,0
0,1,4696,0
0,2,4697,0
0,1,4698,0
0,3,4699,0
0,1,4700,0
0,4,4701,0
0,3,4702,0
0,3,4703,0
0,2,4704,0
0,1,4705,0
0,1,4706,0
0,3,4707,0
0,4,4708,0
0,2,4709,0
0,4,4710,0
0,4,4711,0
0,4,4712,0
0,2,4713,0
0,1,4714,0
0,3,4715,0
0,4,4716,0
0,4,4717,0
0,3,4718,0
0,1,4719,0
0,3,4720,0
0,2,4721,0
0,4,4722,0
0,2,4723,0
0,1,4724,0
0,3,4725,0
0,3,4726,0
0,1,4727,0
0,2,4728,0
0,1,4729,0
0,4,4730,0
0,3,4731,0
0,2,4732,0
0,3,4733,0
0,3,4734,0
0,1,4735,0
0,3,4736,0
0,1,4737,0
0,3,4738,0
0,3,4739,0
0,4,4740,0
0,1,4741,0
0,4,4742,0
0,3,4743,0
0,4,4744,0
0,3,4745,0
0,3,4746,0
0,1,4747,0
0,1,4748,0
0,1,4749,0
0,3,4750,0
0,1,4751,0
0,2,4752,0
0,3,4753,0
0,3,4754,0
0,4,4755,0
0,1,4756,0
0,2,4757,0
0,4,4758,0
0,4,4759,0
0,3,4760,0
0,4,4761,0
0,3,4762,0
0,4,4763,0
0,4,4764,0
0,2,4765,0
0,3,4766,0
0,4,4767,0
0,2,4768,0
0,2,4769,0
0,2,4770,0
0,2,4771,0
0,1,4772,0
0,4,4773,0
0,2,4774,0
0,4,4775,0
0,1,4776,0
0,3,4777,0
0,1,4778,0
0,1,4779,0
0,4,4780,0
0,3,4781,0
0,3,4782,0
0,3,4783,0
0,4,4784,0
0,2,4785,0
0,1,4786,0
0,4,4787,0
0,3,4788,0
0,4,4789,0
0,1,4790,0
0,1,4791,0
0,1,4792,0
0,1,4793,0
0,1,4794,0
0,1,4795,0
0,1,4796,0
0,1,4797,0
0,3,4798,0
0,1,4799,0
0,2,4800,0
0,3,4801,0
0,2,4802,0
0,2,4803,0
0,4,4804,0
0,4,4805,0
0,1,4806,0
0,3,4807,0
0,1,4808,0
0,1,4809,0
0,3,4810,0
0,4,4811,0
0,2,4812,0
0,3,4813,0
0,3,4814,0
0,1,4815,0
0,4,4816,0
0,2,4817,0
0,2,4818,0
0,3,4819,0
0,2,4820,0
0,1,4821,0
0,1,4822,0
0,2,4823,0
0,2,4824,0
0,3,4825,0
0,4,4826,0
0,4,4827,0
0,3,4828,0
0,2,4829,0
0,3,4830,0
0,2,4831,0
0,4,4832,0
0,1,4833,0
0,4,4834,0
0,2,4835,0
0,3,4836,0
0,4,4837,0
0,1,4838,0
0,1,4839,0
0,3,4840,0
0,3,4841,0
0,4,4842,0
0,1,4843,0
0,3,4844,0
0,2,4845,0
0,4,4846,0
0,2,4847,0
0,1,4848,0
0,2,4849,0
0,2,4850,0
0,3,4851,0
0,1,4852,0
0,2,4853,0
0,2,4854,0
0,4,4855,0
0,2,4856,0
0,4,4857,0
0,3,4858,0
0,4,4859,0
0,3,4860,0
0,1,4861,0
0,4,4862,0
0,4,4863,0
0,2,4864,0
0,3,4865,0
0,4,4866,0
0,4,4867,0
0,3,4868,0
0,1,4869,0
0,3,4870,0
0,2,4871,0
0,1,4872,0
0,3,4873,0
0,3,4874,0
0,3,4875,0
0,1,4876,0
0,3,4877,0
0,3,4878,0
0,2,4879,0
0,1,4880,0
0,1,4881,1
0,2,4882,0
0,4,4883,0
0,1,4884,0
0,4,4885,0
0,3,4886,0
0,3,4887,0
0,2,4888,0
0,2,4889,0
0,4,4890,0
0,2,4891,0
0,3,4892,0
0,2,4893,0
0,2,4894,0
0,3,4895,0
0,2,4896,0
0,4,4897,0
0,4,4898,0
0,4,4899,0
0,1,4900,0
0,1,4901,0
0,3,4902,0
0,2,4903,0
0,4,4904,0
0,1,4905,0
0,2,4906,0
0,4,4907,0
0,4,4908,0
0,2,4909,0
0,1,4910,1
0,1,4911,0
0,4,4912,0
0,2,4913,0
0,1,4914,0
0,1,4915,0
0,1,4916,0
0,2,4917,0
0,4,4918,0
0,4,4919,0
0,3,4920,0
0,3,4921,0
0,1,4922,0
0,1,4923,0
0,1,4924,1
0,1,4925,0
0,4,4926,0
0,2,4927,0
0,3,4928,0
0,2,4929,0
0,4,4930,0
0,2,4931,0
0,2,4932,0
0,1,4933,0
0,1,4934,0
0,1,4935,0
0,2,4936,0
0,4,4937,0
0,1,4938,0
0,2,4939,0
0,4,4940,0
0,2,4941,0
0,4,4942,0
0,2,4943,0
0,3,4944,0
0,3,4945,0
0,1,4946,0
0,1,4947,0
0,1,4948,0
0,1,4949,0
0,2,4950,0
0,4,4951,0
0,2,4952,0
0,2,4953,0
0,3,4954,0
0,2,4955,0
0,3,4956,0
0,4,4957,0
0,4,4958,0
0,4,4959,0
0,4,4960,0
0,2,4961,0
0,2,4962,0
0,4,4963,0
0,4,4964,0
0,3,4965,0
0,4,4966,0
0,3,4967,0
0,2,4968,0
0,1,4969,0
0,2,4970,0
0,2,4971,0
0,2,4972,0
0,3,4973,0
0,1,4974,0
0,4,4975,0
0,1,4976,0
0,1,4977,0
0,4,4978,0
0,4,4979,0
0,2,4980,0
0,2,4981,0
0,4,4982,0
0,1,4983,0
0,1,4984,0
0,3,4985,0
0,3,4986,0
0,2,4987,0
0,3,4988,0
0,4,4989,0
0,1,4990,0
0,4,4991,0
0,2,4992,0
0,3,4993,0
0,1,4994,0
0,4,4995,0
0,4,4996,0
0,1,4997,0
0,4,4998,0
0,3,4999,0
0,4,5000,0
